antecedents,consequents,antecedent support,consequent support,support,confidence,lift,leverage,conviction,zhangs_metric
frozenset({'browDownLeft'}),frozenset({'Angry'}),0.049060064190738197,0.1829436038514443,0.014213663457129757,0.2897196261682243,1.5836554001826997,0.005238438508892921,1.1503293998407296,0.3875633807198183
frozenset({'browDownRight'}),frozenset({'Angry'}),0.04585052728106373,0.1829436038514443,0.014213663457129757,0.31,1.6945112781954887,0.005825602757842996,1.1841397045631243,0.4295546495946429
frozenset({'eyeLookDownLeft'}),frozenset({'Angry'}),0.10866574965612105,0.1829436038514443,0.02063273727647868,0.18987341772151897,1.0378795088988293,0.0007530334191690503,1.0085539889958735,0.04094650205761307
frozenset({'eyeLookDownRight'}),frozenset({'Angry'}),0.12150389729481889,0.1829436038514443,0.022925263640531865,0.18867924528301885,1.0313519648177045,0.0006969027874219463,1.0070695115319408,0.034603340292275624
frozenset({'eyeLookInRight'}),frozenset({'Angry'}),0.22420907840440166,0.1829436038514443,0.04126547455295736,0.18404907975460122,1.0060427141473316,0.00024785773344508655,1.0013548313700344,0.007742316784869867
frozenset({'eyeLookOutLeft'}),frozenset({'Angry'}),0.23016964695093994,0.1829436038514443,0.04264099037138927,0.1852589641434263,1.0126561423479017,0.00053292566096972,1.0028418358595965,0.016234701915502612
frozenset({'eyeLookUpLeft'}),frozenset({'Angry'}),0.14442916093535077,0.1829436038514443,0.03530490600641907,0.2444444444444444,1.336173767752715,0.008882514803665767,1.0813981713730885,0.29406606255480844
frozenset({'eyeLookUpRight'}),frozenset({'Angry'}),0.13204951856946354,0.1829436038514443,0.03255387436955525,0.24652777777777782,1.3475616123642442,0.008396259555609378,1.0843882123999264,0.29715854556817944
frozenset({'eyeSquintLeft'}),frozenset({'Angry'}),0.5694635488308115,0.1829436038514443,0.10683172856487849,0.18760064412238325,1.025456152458441,0.0026520146797369137,1.0057324519489654,0.057658818851211636
frozenset({'jawOpen'}),frozenset({'Angry'}),0.04264099037138927,0.1829436038514443,0.015589179275561669,0.3655913978494624,1.9983830544102192,0.00778828282522498,1.2879024549460285,0.5218475321162948
frozenset({'mouthLowerDownLeft'}),frozenset({'Angry'}),0.06464924346629987,0.1829436038514443,0.023383768913342505,0.36170212765957444,1.9771236602143656,0.01155660332734817,1.2800550206327372,0.5283737024221453
frozenset({'mouthLowerDownRight'}),frozenset({'Angry'}),0.07381934892251261,0.1829436038514443,0.0270518110958276,0.3664596273291925,2.0031289403633306,0.013547033369975913,1.2896674488227202,0.5406947474408457
frozenset({'browInnerUp'}),frozenset({'Fear'}),0.2718936267767079,0.07473635946813388,0.03484640073360844,0.1281618887015177,1.7148532469816573,0.014526060905729762,1.061279185368272,0.5725258517831102
frozenset({'browOuterUpLeft'}),frozenset({'Fear'}),0.33837689133425036,0.07473635946813388,0.03622191655204035,0.1070460704607046,1.432315826225747,0.01093285956557414,1.0361829540402385,0.45619621568988666
frozenset({'browOuterUpRight'}),frozenset({'Fear'}),0.2209995414947272,0.07473635946813388,0.02200825309491059,0.0995850622406639,1.3324847898582084,0.0054915519194678915,1.0275969463971417,0.3203109672356289
frozenset({'eyeLookDownLeft'}),frozenset({'Fear'}),0.10866574965612105,0.07473635946813388,0.01192113709307657,0.10970464135021096,1.4678884833423933,0.0037998545649024617,1.0392771696969303,0.3576092117758784
frozenset({'eyeLookDownRight'}),frozenset({'Fear'}),0.12150389729481889,0.07473635946813388,0.013755158184319119,0.11320754716981131,1.514758652621831,0.004674399239314314,1.0433824031529555,0.3868302018093249
frozenset({'eyeLookInRight'}),frozenset({'Fear'}),0.22420907840440166,0.07473635946813388,0.01925722145804677,0.08588957055214724,1.1492340697805714,0.0025006511783963944,1.0122011638033166,0.16738432961837232
frozenset({'eyeLookOutLeft'}),frozenset({'Fear'}),0.23016964695093994,0.07473635946813388,0.017881705639614855,0.07768924302788845,1.0395106689805196,0.0006796641664359414,1.0032016145723475,0.049373100594065376
frozenset({'jawOpen'}),frozenset({'Fear'}),0.04264099037138927,0.07473635946813388,0.010087116001834021,0.23655913978494625,3.165248367306551,0.006900283617360637,1.2119650502741346,0.7145376175548589
frozenset({'mouthPucker'}),frozenset({'Fear'}),0.16552040348464006,0.07473635946813388,0.020174232003668042,0.12188365650969529,1.6308481892493585,0.0078038396295294216,1.0536914013627876,0.463548951048951
frozenset({'eyeSquintLeft'}),frozenset({'Happy'}),0.5694635488308115,0.23613021549747823,0.14763869784502523,0.2592592592592593,1.0979503775620283,0.013171147341646983,1.0312242090784045,0.20721131903240542
frozenset({'eyeSquintRight'}),frozenset({'Happy'}),0.4167812929848693,0.23613021549747823,0.11141678129298486,0.26732673267326734,1.1321157358454292,0.013002124765150058,1.0425790301993878,0.20009317493594211
frozenset({'mouthLowerDownLeft'}),frozenset({'Happy'}),0.06464924346629987,0.23613021549747823,0.016964695093993582,0.2624113475177305,1.1112993183226605,0.0016990553025472577,1.0356311501428421,0.10707472178060408
frozenset({'mouthLowerDownRight'}),frozenset({'Happy'}),0.07381934892251261,0.23613021549747823,0.01925722145804677,0.2608695652173913,1.104769945124525,0.0018262426890903287,1.0334708849151766,0.1023927392739274
frozenset({'mouthSmileLeft'}),frozenset({'Happy'}),0.13204951856946354,0.23613021549747823,0.10224667583677212,0.7743055555555556,3.2791464401294497,0.07106579456062645,3.3845307374880966,0.8007859970294146
frozenset({'mouthSmileRight'}),frozenset({'Happy'}),0.12563044475011462,0.23613021549747823,0.09949564419990829,0.791970802919708,3.3539579051803554,0.0698305002080197,3.6719354553279113,0.8026866818584938
frozenset({'mouthStretchRight'}),frozenset({'Happy'}),0.023383768913342505,0.23613021549747823,0.01054562127464466,0.45098039215686275,1.9098800685322672,0.005024006881993861,1.3913342503438788,0.48781383955909363
frozenset({'mouthUpperUpLeft'}),frozenset({'Happy'}),0.019715726730857405,0.23613021549747823,0.013296652911508482,0.6744186046511628,2.856130051930458,0.008641174109861732,2.346171480972031,0.662946356569143
frozenset({'mouthUpperUpRight'}),frozenset({'Happy'}),0.023383768913342505,0.23613021549747823,0.014213663457129757,0.6078431372549019,2.574186179326099,0.008692049064478959,1.9478679504814302,0.6261699227623807
frozenset({'browDownLeft'}),frozenset({'Neutral'}),0.049060064190738197,0.23016964695093994,0.014213663457129757,0.2897196261682243,1.258722120862345,0.002921525802957096,1.0838401023190711,0.21614769651911528
frozenset({'browDownRight'}),frozenset({'Neutral'}),0.04585052728106373,0.23016964695093994,0.016047684548372305,0.35,1.520617529880478,0.005494284871575427,1.184354389306246,0.35882474085261207
frozenset({'eyeBlinkLeft'}),frozenset({'Neutral'}),0.049060064190738197,0.23016964695093994,0.012838147638697846,0.2616822429906542,1.136910302714376,0.0015460099845251846,1.0426816174208788,0.12663590026174404
frozenset({'eyeBlinkRight'}),frozenset({'Neutral'}),0.06006419073819349,0.23016964695093994,0.015130674002751032,0.2519083969465649,1.094446640917247,0.0013057204261471209,1.0290589413206823,0.09181079083518115
frozenset({'eyeLookDownLeft'}),frozenset({'Neutral'}),0.10866574965612105,0.23016964695093994,0.0270518110958276,0.24894514767932488,1.0815724443996166,0.0020402538618189935,1.0249988408574562,0.08461498221385207
frozenset({'eyeLookDownRight'}),frozenset({'Neutral'}),0.12150389729481889,0.23016964695093994,0.029802842732691424,0.2452830188679245,1.0656618807787717,0.0018363335891796936,1.0200252177900044,0.07013810823831691
frozenset({'eyeLookInLeft'}),frozenset({'Neutral'}),0.10499770747363595,0.23016964695093994,0.03530490600641907,0.3362445414847161,1.4608552688808083,0.011137620746554215,1.1598102029489128,0.35247897594209054
frozenset({'eyeLookInRight'}),frozenset({'Neutral'}),0.22420907840440166,0.23016964695093994,0.061898211829436035,0.2760736196319018,1.1994353872852148,0.010292087409899293,1.0634097249745489,0.21432886787496705
frozenset({'eyeLookOutLeft'}),frozenset({'Neutral'}),0.23016964695093994,0.23016964695093994,0.06648326455754242,0.28884462151394424,1.2549205568165585,0.013505198180022077,1.0825065468645045,0.2638721735022899
frozenset({'eyeLookOutRight'}),frozenset({'Neutral'}),0.11508482347546997,0.23016964695093994,0.03943145346171481,0.3426294820717131,1.4885954191203312,0.012942420272954641,1.1710752643352367,0.3709121580913362
frozenset({'eyeLookUpLeft'}),frozenset({'Neutral'}),0.14442916093535077,0.23016964695093994,0.041723979825768,0.28888888888888886,1.2551128818061088,0.008480770843857822,1.0825739339752405,0.23757111056146413
frozenset({'eyeLookUpRight'}),frozenset({'Neutral'}),0.13204951856946354,0.23016964695093994,0.03759743237047226,0.2847222222222222,1.2370102921646746,0.007203641301297248,1.0762676780491713,0.22074910131034753
frozenset({'eyeSquintLeft'}),frozenset({'Neutral'}),0.5694635488308115,0.23016964695093994,0.13846859238881248,0.24315619967793883,1.0564216563696904,0.0073953684029952615,1.0171588281775878,0.124050525781267
frozenset({'eyeSquintRight'}),frozenset({'Neutral'}),0.4167812929848693,0.23016964695093994,0.1155433287482806,0.27722772277227725,1.2044495286182004,0.019612925686196964,1.0651077487391105,0.29104896675651376
frozenset({'mouthPucker'}),frozenset({'Neutral'}),0.16552040348464006,0.23016964695093994,0.03943145346171481,0.23822714681440446,1.0350067872554105,0.0013336806284780789,1.010577299820766,0.04053156146179411
frozenset({'mouthRollLower'}),frozenset({'Neutral'}),0.02200825309491059,0.23016964695093994,0.012379642365887207,0.5625,2.4438496015936253,0.007314010521024705,1.7596122355407087,0.6041048080429233
frozenset({'browInnerUp'}),frozenset({'Sad'}),0.2718936267767079,0.14442916093535077,0.04722604309949564,0.1736930860033727,1.2026178430900183,0.007956674720466295,1.0354153215619124,0.2313956616370349
frozenset({'browOuterUpRight'}),frozenset({'Sad'}),0.2209995414947272,0.14442916093535077,0.03759743237047226,0.1701244813278008,1.1779095040505827,0.005678654025291573,1.0309628610729022,0.19388736559525668
frozenset({'eyeBlinkLeft'}),frozenset({'Sad'}),0.049060064190738197,0.14442916093535077,0.016964695093993582,0.34579439252336447,2.3942145082331994,0.009878991187490815,1.3078011397131066,0.6123693606818003
frozenset({'eyeBlinkRight'}),frozenset({'Sad'}),0.06006419073819349,0.14442916093535077,0.016047684548372305,0.26717557251908397,1.8498727735368956,0.007372663877794153,1.167497707473636,0.48878048780487793
frozenset({'eyeLookDownLeft'}),frozenset({'Sad'}),0.10866574965612105,0.14442916093535077,0.01925722145804677,0.17721518987341772,1.2270042194092825,0.003562718412802323,1.0398476351708814,0.20756172839506162
frozenset({'eyeLookDownRight'}),frozenset({'Sad'}),0.12150389729481889,0.14442916093535077,0.024300779458963778,0.2,1.3847619047619046,0.006752073522298049,1.0694635488308115,0.3162839248434237
frozenset({'eyeSquintLeft'}),frozenset({'Sad'}),0.5694635488308115,0.14442916093535077,0.09628610729023383,0.16908212560386474,1.1706924315619966,0.01403896474933257,1.0296695563161766,0.3386581469648559
frozenset({'eyeSquintRight'}),frozenset({'Sad'}),0.4167812929848693,0.14442916093535077,0.06923429619440624,0.16611661166116612,1.15015977788255,0.00903892375505097,1.0260077740234381,0.2238535549169062
frozenset({'browDownLeft'}),frozenset({'Surprise'}),0.049060064190738197,0.11829436038514443,0.010087116001834021,0.205607476635514,1.7381004129537057,0.004283587087936518,1.10991180516223,0.4465678969054089
frozenset({'browInnerUp'}),frozenset({'Surprise'}),0.2718936267767079,0.11829436038514443,0.048601558917927556,0.178752107925801,1.511078865837876,0.016438076245579712,1.073616928730204,0.4645216482106364
frozenset({'browOuterUpLeft'}),frozenset({'Surprise'}),0.33837689133425036,0.11829436038514443,0.06006419073819349,0.17750677506775067,1.500551459002962,0.02003611280869482,1.0719913707343713,0.504181809525321
frozenset({'browOuterUpRight'}),frozenset({'Surprise'}),0.2209995414947272,0.11829436038514443,0.03759743237047226,0.1701244813278008,1.4381453247129208,0.011454432963943318,1.062455295735901,0.3910908855998506
frozenset({'eyeLookInLeft'}),frozenset({'Surprise'}),0.10499770747363595,0.11829436038514443,0.014213663457129757,0.13537117903930132,1.1443586879252565,0.0017930268096294933,1.0197504619787976,0.14094725013220516
frozenset({'eyeLookInRight'}),frozenset({'Surprise'}),0.22420907840440166,0.11829436038514443,0.028427326914259515,0.12678936605316973,1.0718124316355162,0.0019046573918681219,1.0097284725331719,0.08636467627545183
frozenset({'eyeLookOutLeft'}),frozenset({'Surprise'}),0.23016964695093994,0.11829436038514443,0.027510316368638238,0.1195219123505976,1.0103770962660983,0.0002825452025022879,1.0013941879788633,0.013341274568195212
frozenset({'eyeLookOutRight'}),frozenset({'Surprise'}),0.11508482347546997,0.11829436038514443,0.016964695093993582,0.14741035856573706,1.2461317520615214,0.003350809510925607,1.0341500726323773,0.22320403304859265
frozenset({'eyeLookUpLeft'}),frozenset({'Surprise'}),0.14442916093535077,0.11829436038514443,0.02384227418615314,0.16507936507936508,1.3954964931709117,0.0067571189723427336,1.0560352717820514,0.33125154588177086
frozenset({'eyeLookUpRight'}),frozenset({'Surprise'}),0.13204951856946354,0.11829436038514443,0.022925263640531865,0.1736111111111111,1.4676195090439275,0.007304550302190923,1.0669379168448674,0.36709984152139463
frozenset({'mouthPucker'}),frozenset({'Surprise'}),0.16552040348464006,0.11829436038514443,0.04401650618982118,0.2659279778393352,2.248019068479031,0.024436375928914657,1.2011159845319355,0.6652815934065934
"frozenset({'browDownLeft', 'browDownRight'})",frozenset({'Angry'}),0.0380559376432829,0.1829436038514443,0.011462631820265932,0.3012048192771084,1.6464353655222392,0.0045005414398579194,1.169235877247071,0.4081601525262154
frozenset({'browDownLeft'}),"frozenset({'Angry', 'browDownRight'})",0.049060064190738197,0.014213663457129757,0.011462631820265932,0.23364485981308408,16.438046427494722,0.010765308578673596,1.2863309513425256,0.9876181292189006
"frozenset({'eyeSquintLeft', 'browDownLeft'})",frozenset({'Angry'}),0.03851444291609354,0.1829436038514443,0.01192113709307657,0.30952380952380953,1.6919083422842822,0.00487516610567569,1.1833230564910118,0.4253328931440519
"frozenset({'browDownLeft', 'eyeSquintRight'})",frozenset({'Angry'}),0.03484640073360844,0.1829436038514443,0.01054562127464466,0.3026315789473684,1.6542342698852395,0.00417069514318672,1.171628039760193,0.4097696994733038
"frozenset({'eyeSquintLeft', 'browDownRight'})",frozenset({'Angry'}),0.03851444291609354,0.1829436038514443,0.012379642365887207,0.3214285714285714,1.7569817400644467,0.005333671378486326,1.204083110113661,0.44810046097599743
frozenset({'eyeSquintLeft'}),"frozenset({'Angry', 'browDownRight'})",0.5694635488308115,0.014213663457129757,0.012379642365887207,0.021739130434782608,1.52945301542777,0.004285479131703275,1.0076926995771562,0.8040468583599574
"frozenset({'eyeSquintRight', 'browDownRight'})",frozenset({'Angry'}),0.033470884915176524,0.1829436038514443,0.01054562127464466,0.31506849315068497,1.722216500154496,0.004422336964165323,1.1929023383768915,0.43387509281412434
frozenset({'eyeSquintRight'}),"frozenset({'Angry', 'browDownRight'})",0.4167812929848693,0.014213663457129757,0.01054562127464466,0.025302530253025306,1.7801554348983288,0.004621632240930331,1.0113767267691525,0.7514356029532404
frozenset({'browInnerUp'}),"frozenset({'Angry', 'browOuterUpRight'})",0.2718936267767079,0.033470884915176524,0.017881705639614855,0.0657672849915683,1.9649102543371295,0.008781185348601707,1.034569973366968,0.6744493961118647
frozenset({'browOuterUpLeft'}),"frozenset({'Angry', 'browOuterUpRight'})",0.33837689133425036,0.033470884915176524,0.021549747822099955,0.06368563685636856,1.9027174518320527,0.010223973834296069,1.0322698797866854,0.7170787809085682
"frozenset({'eyeLookDownRight', 'eyeLookDownLeft'})",frozenset({'Angry'}),0.09032553874369555,0.1829436038514443,0.017881705639614855,0.19796954314720813,1.0821342696843632,0.001357226062019934,1.0187348736788955,0.08343672456575685
frozenset({'eyeLookDownRight'}),"frozenset({'Angry', 'eyeLookDownLeft'})",0.12150389729481889,0.02063273727647868,0.017881705639614855,0.1471698113207547,7.132830188679246,0.015374747648662609,1.1483731177952794,0.9787216958406939
frozenset({'eyeLookDownLeft'}),"frozenset({'Angry', 'eyeLookDownRight'})",0.10866574965612105,0.022925263640531865,0.017881705639614855,0.16455696202531644,7.177974683544304,0.015390514680052245,1.1695288510969393,0.9656141183918963
"frozenset({'eyeLookOutLeft', 'eyeLookInRight'})",frozenset({'Angry'}),0.21091242549289316,0.1829436038514443,0.03897294818890417,0.18478260869565216,1.0100523046747303,0.0003878689721850681,1.0022558459422284,0.012612366271319798
frozenset({'eyeLookOutLeft'}),"frozenset({'Angry', 'eyeLookInRight'})",0.23016964695093994,0.04126547455295736,0.03897294818890417,0.1693227091633466,4.103253652058433,0.02947488847978698,1.154160028236008,0.9824125004379358
"frozenset({'eyeSquintLeft', 'eyeLookInRight'})",frozenset({'Angry'}),0.09766162310866575,0.1829436038514443,0.02063273727647868,0.2112676056338028,1.1548236789155988,0.0027661679869978757,1.0359107879740617,0.14857723577235776
"frozenset({'eyeSquintRight', 'eyeLookInRight'})",frozenset({'Angry'}),0.06785878037597433,0.1829436038514443,0.016506189821182942,0.2432432432432432,1.3296078032920136,0.004091859986238533,1.0796816663391628,0.26594523692408584
"frozenset({'eyeLookOutLeft', 'eyeSquintLeft'})",frozenset({'Angry'}),0.10224667583677212,0.1829436038514443,0.02200825309491059,0.21524663677130046,1.1765737212987626,0.003302877735501114,1.0411632933778738,0.16716675178753848
"frozenset({'eyeLookOutLeft', 'eyeSquintRight'})",frozenset({'Angry'}),0.07336084364970197,0.1829436038514443,0.01742320036680422,0.23750000000000002,1.2982142857142858,0.004002303247945399,1.071549371998106,0.24789708065314203
"frozenset({'eyeLookUpLeft', 'eyeLookUpRight'})",frozenset({'Angry'}),0.12012838147638698,0.1829436038514443,0.030261348005502064,0.2519083969465649,1.3769729667680655,0.008284628973370747,1.0921876315863348,0.3111469041641007
frozenset({'eyeLookUpLeft'}),"frozenset({'Angry', 'eyeLookUpRight'})",0.14442916093535077,0.03255387436955525,0.030261348005502064,0.2095238095238095,6.436217303822937,0.02555961924511238,1.2238776288095987,0.9872113417129494
"frozenset({'eyeSquintLeft', 'eyeLookUpLeft'})",frozenset({'Angry'}),0.09032553874369555,0.1829436038514443,0.024759284731774415,0.27411167512690354,1.4983397580245028,0.008234805154179493,1.1255951751137445,0.3656193996415771
"frozenset({'eyeSquintRight', 'eyeLookUpLeft'})",frozenset({'Angry'}),0.04951856946354883,0.1829436038514443,0.012379642365887207,0.25,1.3665413533834587,0.0033205368106575036,1.0894085281980743,0.28219971056439935
"frozenset({'eyeSquintLeft', 'eyeLookUpRight'})",frozenset({'Angry'}),0.07657038055937643,0.1829436038514443,0.02246675836772123,0.29341317365269465,1.6038449416955565,0.008458696999912337,1.156342526752617,0.4077174067243582
frozenset({'eyeSquintLeft'}),"frozenset({'Angry', 'eyeLookUpRight'})",0.5694635488308115,0.03255387436955525,0.02246675836772123,0.039452495974235106,1.2119139960536165,0.003928513541041897,1.007181968175199,0.40614200951946255
"frozenset({'eyeSquintRight', 'eyeLookUpRight'})",frozenset({'Angry'}),0.051811095827602016,0.1829436038514443,0.012838147638697846,0.24778761061946905,1.354448067070331,0.0033596390485038045,1.08620438546808,0.2759912959381045
"frozenset({'eyeSquintLeft', 'mouthPucker'})",frozenset({'Angry'}),0.0614397065566254,0.1829436038514443,0.014672168729940394,0.23880597014925373,1.3053529345752442,0.003432167392896132,1.0733878145481026,0.24923668783585737
"frozenset({'mouthLowerDownRight', 'mouthLowerDownLeft'})",frozenset({'Angry'}),0.05456212746446584,0.1829436038514443,0.019715726730857405,0.36134453781512604,1.9751690149744108,0.009733934498706158,1.279338304495765,0.522206933886721
frozenset({'mouthLowerDownLeft'}),"frozenset({'Angry', 'mouthLowerDownRight'})",0.06464924346629987,0.0270518110958276,0.019715726730857405,0.3049645390070922,11.27335016227912,0.017966847609118895,1.399854026892738,0.974281805745554
frozenset({'mouthLowerDownRight'}),"frozenset({'Angry', 'mouthLowerDownLeft'})",0.07381934892251261,0.023383768913342505,0.019715726730857405,0.2670807453416149,11.421629521373767,0.01798955213431997,1.332501806821626,0.9851715404098549
"frozenset({'browInnerUp', 'browOuterUpLeft'})",frozenset({'Fear'}),0.18890417239798257,0.07473635946813388,0.026593305823016965,0.1407766990291262,1.8836440526535232,0.012475295689651006,1.0768605081896294,0.5783707919923589
frozenset({'browInnerUp'}),"frozenset({'Fear', 'browOuterUpLeft'})",0.2718936267767079,0.03622191655204035,0.026593305823016965,0.09780775716694773,2.700236941533076,0.016744797562879447,1.068262436419888,0.8647941457482845
"frozenset({'browInnerUp', 'browOuterUpRight'})",frozenset({'Fear'}),0.1361760660247593,0.07473635946813388,0.01742320036680422,0.12794612794612795,1.7119662886534053,0.007245896945421475,1.0610166070963871,0.4814364733489776
frozenset({'browInnerUp'}),"frozenset({'Fear', 'browOuterUpRight'})",0.2718936267767079,0.02200825309491059,0.01742320036680422,0.06408094435075885,2.9116779089376053,0.011439296613809272,1.0449533439904828,0.9017300808696805
"frozenset({'browInnerUp', 'mouthPucker'})",frozenset({'Fear'}),0.07565337001375516,0.07473635946813388,0.01192113709307657,0.15757575757575756,2.108421639709983,0.006267079636752824,1.0983345373219995,0.5687385531135531
frozenset({'browInnerUp'}),"frozenset({'Fear', 'mouthPucker'})",0.2718936267767079,0.020174232003668042,0.01192113709307657,0.04384485666104553,2.1733098267668254,0.0064358919861645355,1.0247560501266753,0.7414745204417748
"frozenset({'browOuterUpLeft', 'browOuterUpRight'})",frozenset({'Fear'}),0.14947271893626776,0.07473635946813388,0.018340210912425492,0.12269938650306748,1.6417629568293877,0.007169164059325243,1.054671142704155,0.45959568733153644
frozenset({'browOuterUpLeft'}),"frozenset({'Fear', 'browOuterUpRight'})",0.33837689133425036,0.02200825309491059,0.018340210912425492,0.05420054200542005,2.4627371273712737,0.01089312664647225,1.0340371192205673,0.8977130977130976
frozenset({'browOuterUpRight'}),"frozenset({'Fear', 'browOuterUpLeft'})",0.2209995414947272,0.03622191655204035,0.018340210912425492,0.08298755186721991,2.2910867167393243,0.010335183962364304,1.0509978195065985,0.7233961153619776
"frozenset({'mouthPucker', 'browOuterUpLeft'})",frozenset({'Fear'}),0.08528198074277854,0.07473635946813388,0.01192113709307657,0.13978494623655915,1.8703740352265983,0.005547472324129802,1.0756189821182944,0.5087333718912666
frozenset({'mouthPucker'}),"frozenset({'Fear', 'browOuterUpLeft'})",0.16552040348464006,0.03622191655204035,0.01192113709307657,0.07202216066481995,1.9883586381009153,0.00592567085039589,1.0385787705215326,0.5956677937447169
frozenset({'browOuterUpLeft'}),"frozenset({'Fear', 'mouthPucker'})",0.33837689133425036,0.020174232003668042,0.01192113709307657,0.03523035230352303,1.7463045084996303,0.005094643182619434,1.0156059224456362,0.6459299536222614
"frozenset({'eyeLookDownRight', 'eyeLookDownLeft'})",frozenset({'Fear'}),0.09032553874369555,0.07473635946813388,0.01054562127464466,0.11675126903553301,1.562174955622684,0.003795019341942975,1.0475686045102164,0.3955995792426369
frozenset({'eyeLookDownRight'}),"frozenset({'Fear', 'eyeLookDownLeft'})",0.12150389729481889,0.01192113709307657,0.01054562127464466,0.08679245283018869,7.280551523947751,0.009097156657650029,1.08198718458816,0.981959698647545
frozenset({'eyeLookDownLeft'}),"frozenset({'Fear', 'eyeLookDownRight'})",0.10866574965612105,0.013755158184319119,0.01054562127464466,0.09704641350210971,7.055274261603376,0.009050906698907093,1.0922431192070858,0.9628958668813741
"frozenset({'eyeLookOutLeft', 'eyeLookInRight'})",frozenset({'Fear'}),0.21091242549289316,0.07473635946813388,0.016506189821182942,0.07826086956521738,1.0471592424646572,0.0007433629732500752,1.0038237609543832,0.05707276131448126
frozenset({'eyeLookOutLeft'}),"frozenset({'Fear', 'eyeLookInRight'})",0.23016964695093994,0.01925722145804677,0.016506189821182942,0.07171314741035856,3.7239612976664764,0.012073761956928252,1.056508315081675,0.950168751240818
frozenset({'eyeLookInRight'}),"frozenset({'Fear', 'eyeLookOutLeft'})",0.22420907840440166,0.017881705639614855,0.016506189821182942,0.07361963190184048,4.117036337895233,0.012496949079426105,1.0601674303360449,0.9759160756501182
frozenset({'eyeSquintRight'}),"frozenset({'Fear', 'eyeSquintLeft'})",0.4167812929848693,0.0270518110958276,0.01192113709307657,0.028602860286028604,1.0573362420987862,0.0006464482869751077,1.0015967199477835,0.0929789550072569
frozenset({'eyeSquintLeft'}),"frozenset({'Fear', 'eyeSquintRight'})",0.5694635488308115,0.015130674002751032,0.01192113709307657,0.02093397745571659,1.3835456009369054,0.003304769779267868,1.0059273872439007,0.6438928483656918
frozenset({'browInnerUp'}),"frozenset({'Happy', 'browOuterUpLeft'})",0.2718936267767079,0.06648326455754242,0.03255387436955525,0.1197301854974705,1.800907134965401,0.014477498449049681,1.0604893182325237,0.6107957569092135
frozenset({'browInnerUp'}),"frozenset({'Happy', 'browOuterUpRight'})",0.2718936267767079,0.039889958734525444,0.02109124254928932,0.07757166947723441,1.9446415072396352,0.010245416996985977,1.0408505566186954,0.6671640565107876
"frozenset({'browInnerUp', 'eyeSquintLeft'})",frozenset({'Happy'}),0.0687757909215956,0.23613021549747823,0.016964695093993582,0.2466666666666667,1.0446213592233011,0.000724652762667706,1.0139864396051175,0.04587009461455546
frozenset({'browOuterUpLeft'}),"frozenset({'Happy', 'browOuterUpRight'})",0.33837689133425036,0.039889958734525444,0.02521779000458505,0.07452574525745256,1.8682833380057937,0.011719949772544805,1.037424905496223,0.7024381024381025
frozenset({'browOuterUpRight'}),"frozenset({'Happy', 'browOuterUpLeft'})",0.2209995414947272,0.06648326455754242,0.02521779000458505,0.11410788381742737,1.7163399627986833,0.010525019020295531,1.053758937899917,0.5357697041040184
frozenset({'browOuterUpLeft'}),"frozenset({'Happy', 'eyeLookInRight'})",0.33837689133425036,0.04309949564419991,0.016047684548372305,0.04742547425474254,1.1003719079743988,0.0014638111942138748,1.004541354501537,0.13786753786753758
frozenset({'eyeLookInRight'}),"frozenset({'Happy', 'browOuterUpLeft'})",0.22420907840440166,0.06648326455754242,0.016047684548372305,0.07157464212678936,1.0765813412312248,0.0011415330726096996,1.0054838846505765,0.09169199594731489
"frozenset({'eyeSquintLeft', 'browOuterUpLeft'})",frozenset({'Happy'}),0.09949564419990829,0.23613021549747823,0.02567629527739569,0.2580645161290323,1.0928906984027562,0.0021823673714109273,1.0295636225903553,0.09438645621181274
"frozenset({'browOuterUpLeft', 'eyeSquintRight'})",frozenset({'Happy'}),0.04218248509857864,0.23613021549747823,0.013296652911508482,0.3152173913043478,1.334930350358801,0.0033360936149619443,1.1154923837179682,0.26194681500800565
"frozenset({'eyeSquintLeft', 'browOuterUpRight'})",frozenset({'Happy'}),0.05639614855570839,0.23613021549747823,0.015130674002751032,0.2682926829268293,1.136206488278475,0.0018138392910638148,1.0439553721534465,0.1270430250022087
frozenset({'eyeLookDownRight'}),"frozenset({'Happy', 'eyeLookDownLeft'})",0.12150389729481889,0.016964695093993582,0.012838147638697846,0.10566037735849057,6.228250892401836,0.010776871068359332,1.0991744970468005,0.9555435430957352
frozenset({'eyeLookDownLeft'}),"frozenset({'Happy', 'eyeLookDownRight'})",0.10866574965612105,0.01742320036680422,0.012838147638697846,0.11814345991561181,6.780812791472352,0.010944842509430262,1.114213882837643,0.9564594356261023
frozenset({'eyeLookOutRight'}),"frozenset({'Happy', 'eyeLookInLeft'})",0.11508482347546997,0.020174232003668042,0.019715726730857405,0.17131474103585656,8.491760231800072,0.01739397880196209,1.1823859027263428,0.9969755392215929
frozenset({'eyeLookInLeft'}),"frozenset({'Happy', 'eyeLookOutRight'})",0.10499770747363595,0.020174232003668042,0.019715726730857405,0.18777292576419213,9.307562524811432,0.017597478620431005,1.20634462833957,0.9972717308425467
frozenset({'eyeLookOutLeft'}),"frozenset({'Happy', 'eyeLookInRight'})",0.23016964695093994,0.04309949564419991,0.040348464007336084,0.17529880478087648,4.067305247096719,0.030428268311147016,1.160299645378289,0.979614489143971
frozenset({'eyeLookUpLeft'}),"frozenset({'Happy', 'eyeLookUpRight'})",0.14442916093535077,0.01925722145804677,0.01742320036680422,0.12063492063492062,6.26439909297052,0.014641896029672292,1.1152851091722573,0.9822304958537823
frozenset({'eyeLookUpRight'}),"frozenset({'Happy', 'eyeLookUpLeft'})",0.13204951856946354,0.021549747822099955,0.01742320036680422,0.13194444444444445,6.122783687943262,0.014577566541602574,1.1271746905089408,0.9639669697222454
frozenset({'eyeSquintLeft'}),"frozenset({'Happy', 'eyeLookUpLeft'})",0.5694635488308115,0.021549747822099955,0.015130674002751032,0.026570048309178747,1.2329633055812521,0.0028588781315689402,1.0051573310214656,0.4388614580307872
frozenset({'eyeSquintLeft'}),"frozenset({'Happy', 'eyeLookUpRight'})",0.5694635488308115,0.01925722145804677,0.012379642365887207,0.021739130434782608,1.1288819875776397,0.0014133566937670396,1.0025370625095522,0.2651757188498401
"frozenset({'eyeSquintLeft', 'eyeSquintRight'})",frozenset({'Happy'}),0.3658872077028886,0.23613021549747823,0.1031636863823934,0.2819548872180451,1.1940652602379735,0.01676666117973974,1.0638186527626743,0.2563027235478428
frozenset({'eyeSquintLeft'}),"frozenset({'Happy', 'eyeSquintRight'})",0.5694635488308115,0.11141678129298486,0.1031636863823934,0.1811594202898551,1.6259617105027737,0.03971589070798387,1.0851724263855584,0.8941853035143772
"frozenset({'eyeSquintLeft', 'mouthSmileLeft'})",frozenset({'Happy'}),0.09628610729023383,0.23613021549747823,0.07152682255845942,0.7428571428571429,3.145963938973648,0.0487907632946032,2.970604717509807,0.7548101315224602
frozenset({'eyeSquintLeft'}),"frozenset({'Happy', 'mouthSmileLeft'})",0.5694635488308115,0.10224667583677212,0.07152682255845942,0.12560386473429952,1.2284395918632613,0.013301067680297589,1.0267123652032495,0.4319243057262229
"frozenset({'mouthSmileRight', 'eyeSquintLeft'})",frozenset({'Happy'}),0.0907840440165062,0.23613021549747823,0.0687757909215956,0.7575757575757575,3.20829655781112,0.04733893504424544,3.150962861072901,0.7570347957639938
"frozenset({'eyeSquintRight', 'mouthSmileLeft'})",frozenset({'Happy'}),0.07657038055937643,0.23613021549747823,0.0577716643741403,0.7544910179640719,3.1952328353002732,0.039691083911930825,3.1113720490712478,0.7440023013508613
frozenset({'eyeSquintRight'}),"frozenset({'Happy', 'mouthSmileLeft'})",0.4167812929848693,0.10224667583677212,0.0577716643741403,0.13861386138613863,1.3556808595657774,0.015157162615485623,1.0422193763274255,0.44985399820305483
frozenset({'mouthSmileLeft'}),"frozenset({'Happy', 'eyeSquintRight'})",0.13204951856946354,0.11141678129298486,0.0577716643741403,0.43750000000000006,3.9266975308641983,0.043059132043842444,1.5797034999235826,0.85872764319674
"frozenset({'mouthSmileRight', 'eyeSquintRight'})",frozenset({'Happy'}),0.07427785419532325,0.23613021549747823,0.0577716643741403,0.7777777777777778,3.293851132686084,0.04023241865630836,3.437414030261348,0.7522818934408831
frozenset({'mouthSmileRight'}),"frozenset({'Happy', 'eyeSquintRight'})",0.12563044475011462,0.11141678129298486,0.0577716643741403,0.4598540145985402,4.127331711273317,0.04377432458767636,1.645079742741366,0.8665817664244513
"frozenset({'mouthLowerDownRight', 'mouthLowerDownLeft'})",frozenset({'Happy'}),0.05456212746446584,0.23613021549747823,0.013755158184319119,0.25210084033613445,1.0676348209186586,0.0008713912681339239,1.0213539815258437,0.06700614290332997
frozenset({'mouthLowerDownRight'}),"frozenset({'Happy', 'mouthLowerDownLeft'})",0.07381934892251261,0.016964695093993582,0.013755158184319119,0.18633540372670804,10.983716635890547,0.012502835437811569,1.2081578938157789,0.9814026402640263
frozenset({'mouthLowerDownLeft'}),"frozenset({'Happy', 'mouthLowerDownRight'})",0.06464924346629987,0.01925722145804677,0.013755158184319119,0.21276595744680848,11.048632218844983,0.0125101933857934,1.2458083943641027,0.9723529411764706
"frozenset({'mouthSmileRight', 'mouthSmileLeft'})",frozenset({'Happy'}),0.11737734983952315,0.23613021549747823,0.09445208619899129,0.8046875,3.4078125,0.0667357472868618,3.911013296652911,0.8005194805194805
frozenset({'mouthSmileRight'}),"frozenset({'Happy', 'mouthSmileLeft'})",0.12563044475011462,0.10224667583677212,0.09445208619899129,0.7518248175182483,7.353049000032733,0.08160679083939681,3.617417806187125,0.9881428156867138
"frozenset({'mouthUpperUpLeft', 'mouthSmileLeft'})",frozenset({'Happy'}),0.011004126547455296,0.23613021549747823,0.010087116001834021,0.9166666666666666,3.882038834951456,0.007488709228821881,9.166437414030257,0.7506638007333417
frozenset({'mouthUpperUpLeft'}),"frozenset({'Happy', 'mouthSmileLeft'})",0.019715726730857405,0.10224667583677212,0.010087116001834021,0.5116279069767442,5.003858587965377,0.00807124848189766,1.8382568066199427,0.8162471298579811
frozenset({'mouthSmileLeft'}),"frozenset({'Happy', 'mouthUpperUpLeft'})",0.13204951856946354,0.013296652911508482,0.010087116001834021,0.0763888888888889,5.744971264367816,0.008331299386284071,1.0683103908326523,0.9515919896268551
"frozenset({'mouthSmileRight', 'mouthUpperUpLeft'})",frozenset({'Happy'}),0.011004126547455296,0.23613021549747823,0.010087116001834021,0.9166666666666666,3.882038834951456,0.007488709228821881,9.166437414030257,0.7506638007333417
frozenset({'mouthSmileRight'}),"frozenset({'Happy', 'mouthUpperUpLeft'})",0.12563044475011462,0.013296652911508482,0.010087116001834021,0.08029197080291971,6.038509942109237,0.008416651582873304,1.0728441154851058,0.9542832626209659
"frozenset({'mouthUpperUpLeft', 'mouthUpperUpRight'})",frozenset({'Happy'}),0.01742320036680422,0.23613021549747823,0.012379642365887207,0.7105263157894737,3.0090444557996934,0.008265498308617985,2.638822891917802,0.6795077859006929
frozenset({'mouthUpperUpLeft'}),"frozenset({'Happy', 'mouthUpperUpRight'})",0.019715726730857405,0.014213663457129757,0.012379642365887207,0.627906976744186,44.17629407351838,0.012099409661322063,2.649300779458964,0.9970204067491252
frozenset({'mouthUpperUpRight'}),"frozenset({'Happy', 'mouthUpperUpLeft'})",0.023383768913342505,0.013296652911508482,0.012379642365887207,0.5294117647058824,39.81541582150101,0.01206871650688357,2.0967446125630445,0.998226395409494
"frozenset({'browDownLeft', 'browDownRight'})",frozenset({'Neutral'}),0.0380559376432829,0.23016964695093994,0.012838147638697846,0.3373493975903615,1.465655450487208,0.0040788259069564365,1.1617439873285813,0.33028053928911894
frozenset({'browDownLeft'}),"frozenset({'Neutral', 'browDownRight'})",0.049060064190738197,0.016047684548372305,0.012838147638697846,0.2616822429906542,16.306542056074765,0.012050847204641984,1.3326949082699262,0.9871022179363549
"frozenset({'eyeSquintLeft', 'browDownLeft'})",frozenset({'Neutral'}),0.03851444291609354,0.23016964695093994,0.011462631820265932,0.29761904761904756,1.2930421172453042,0.0025977760917565533,1.096029655188492,0.23570815450643767
"frozenset({'browDownLeft', 'eyeSquintRight'})",frozenset({'Neutral'}),0.03484640073360844,0.23016964695093994,0.011004126547455296,0.3157894736842105,1.371985741245544,0.0029835427930896673,1.1251366698409337,0.28091844813935074
"frozenset({'eyeSquintLeft', 'browDownRight'})",frozenset({'Neutral'}),0.03851444291609354,0.23016964695093994,0.013296652911508482,0.34523809523809523,1.4999288560045532,0.004431797182999103,1.1757409028385644,0.34665285383059535
frozenset({'eyeSquintLeft'}),"frozenset({'Neutral', 'browDownRight'})",0.5694635488308115,0.016047684548372305,0.013296652911508482,0.023349436392914657,1.4550034506556249,0.004158081518075011,1.0074763196957308,0.7263413021923545
"frozenset({'eyeSquintRight', 'browDownRight'})",frozenset({'Neutral'}),0.033470884915176524,0.23016964695093994,0.012379642365887207,0.3698630136986301,1.6069148065273153,0.004675660601825485,1.221687299403943,0.3907688523438049
frozenset({'eyeSquintRight'}),"frozenset({'Neutral', 'browDownRight'})",0.4167812929848693,0.016047684548372305,0.012379642365887207,0.0297029702970297,1.850919377652051,0.005691267650403289,1.014073304700147,0.7882599580712788
frozenset({'browInnerUp'}),"frozenset({'Neutral', 'browOuterUpRight'})",0.2718936267767079,0.048143053645116916,0.027510316368638238,0.10118043844856661,2.1016622500602264,0.01442052690896179,1.0590078221171588,0.7199307304785894
"frozenset({'browInnerUp', 'eyeLookOutLeft'})",frozenset({'Neutral'}),0.04997707473635947,0.23016964695093994,0.01192113709307657,0.23853211009174313,1.0363317372710992,0.0004179314453679715,1.0109820299078016,0.036902286902286856
"frozenset({'browInnerUp', 'eyeSquintRight'})",frozenset({'Neutral'}),0.039889958734525444,0.23016964695093994,0.01192113709307657,0.2988505747126437,1.298392636351147,0.002739679374263287,1.0979547658240694,0.23936521930791285
frozenset({'browOuterUpLeft'}),"frozenset({'Neutral', 'browOuterUpRight'})",0.33837689133425036,0.048143053645116916,0.033929390187987164,0.1002710027100271,2.082771970576849,0.017638893356214453,1.0579373891715418,0.7857504073720292
"frozenset({'browOuterUpLeft', 'eyeLookDownRight'})",frozenset({'Neutral'}),0.04264099037138927,0.23016964695093994,0.011462631820265932,0.26881720430107525,1.167909009124791,0.0016479701208448345,1.0528562181406262,0.15017241379310337
frozenset({'browOuterUpLeft'}),"frozenset({'Neutral', 'eyeLookDownRight'})",0.33837689133425036,0.029802842732691424,0.011462631820265932,0.03387533875338753,1.1366479049405878,0.0013780385434542537,1.0042152904113237,0.18170478170478171
"frozenset({'browOuterUpLeft', 'eyeLookInRight'})",frozenset({'Neutral'}),0.07106831728564879,0.23016964695093994,0.018340210912425492,0.25806451612903225,1.1211926487597994,0.001982441413390327,1.0375974323704722,0.11636229022704819
"frozenset({'eyeLookOutLeft', 'browOuterUpLeft'})",frozenset({'Neutral'}),0.06923429619440624,0.23016964695093994,0.01925722145804677,0.2781456953642384,1.208437772090446,0.0033215879460834798,1.0664622322055786,0.18531550551254983
"frozenset({'browOuterUpLeft', 'eyeSquintRight'})",frozenset({'Neutral'}),0.04218248509857864,0.23016964695093994,0.011462631820265932,0.2717391304347826,1.1806036722674518,0.0017535041176128027,1.0570804847837838,0.15971278123504057
"frozenset({'mouthPucker', 'browOuterUpLeft'})",frozenset({'Neutral'}),0.08528198074277854,0.23016964695093994,0.021549747822099955,0.25268817204301075,1.0978344685773036,0.0019204244232577591,1.0301327026411882,0.09742441209406495
"frozenset({'eyeSquintLeft', 'browOuterUpRight'})",frozenset({'Neutral'}),0.05639614855570839,0.23016964695093994,0.014213663457129757,0.2520325203252033,1.094985910018463,0.0012329818546695966,1.0292297111416782,0.09193078152920162
"frozenset({'eyeSquintRight', 'browOuterUpRight'})",frozenset({'Neutral'}),0.040348464007336084,0.23016964695093994,0.013755158184319119,0.3409090909090909,1.4811209706628032,0.004468166468737865,1.1680184666951254,0.33849339066730366
frozenset({'mouthPucker'}),"frozenset({'Neutral', 'browOuterUpRight'})",0.16552040348464006,0.048143053645116916,0.012379642365887207,0.07479224376731303,1.5535417491096164,0.0044109847015647834,1.0288034659703975,0.42698412698412697
frozenset({'eyeSquintLeft'}),"frozenset({'Neutral', 'eyeBlinkRight'})",0.5694635488308115,0.015130674002751032,0.010087116001834021,0.0177133655394525,1.1706924315619969,0.0014707486880253182,1.002629264662773,0.33865814696485624
"frozenset({'eyeLookDownRight', 'eyeLookDownLeft'})",frozenset({'Neutral'}),0.09032553874369555,0.23016964695093994,0.02246675836772123,0.2487309644670051,1.0806418994074465,0.0016765610044313754,1.024706618585573,0.08203382159315332
frozenset({'eyeLookDownRight'}),"frozenset({'Neutral', 'eyeLookDownLeft'})",0.12150389729481889,0.0270518110958276,0.02246675836772123,0.18490566037735848,6.835241445474896,0.01917985789069495,1.1936632873129893,0.9717736781560224
frozenset({'eyeLookDownLeft'}),"frozenset({'Neutral', 'eyeLookDownRight'})",0.10866574965612105,0.029802842732691424,0.02246675836772123,0.20675105485232065,6.9372930866601745,0.019228210120289836,1.223067692938043,0.9601914840010078
"frozenset({'eyeLookOutRight', 'eyeLookInLeft'})",frozenset({'Neutral'}),0.10132966529115085,0.23016964695093994,0.03484640073360844,0.3438914027149321,1.494077986695751,0.011523387447887331,1.1733276415437397,0.36797798066595044
"frozenset({'eyeSquintLeft', 'eyeLookInLeft'})",frozenset({'Neutral'}),0.055020632737276476,0.23016964695093994,0.02246675836772123,0.4083333333333333,1.7740537848605578,0.009802678755564974,1.3011217234632,0.4617235540504411
"frozenset({'eyeSquintRight', 'eyeLookInLeft'})",frozenset({'Neutral'}),0.037138927097661624,0.23016964695093994,0.016964695093993582,0.45679012345679015,1.984580197727608,0.00841644135578811,1.4171876953857696,0.5152509652509653
"frozenset({'eyeLookOutLeft', 'eyeLookInRight'})",frozenset({'Neutral'}),0.21091242549289316,0.23016964695093994,0.06052269601100413,0.28695652173913044,1.2467174779144292,0.011977057497738489,1.0796401292761209,0.25078794921909403
"frozenset({'eyeSquintLeft', 'eyeLookInRight'})",frozenset({'Neutral'}),0.09766162310866575,0.23016964695093994,0.030261348005502064,0.3098591549295775,1.3462207507996184,0.00778260669392471,1.1154684707445564,0.28501478196600144
"frozenset({'eyeSquintRight', 'eyeLookInRight'})",frozenset({'Neutral'}),0.06785878037597433,0.23016964695093994,0.02384227418615314,0.3513513513513513,1.5264886400344566,0.008223242664493759,1.1868217942839674,0.3700102160505505
"frozenset({'eyeLookOutLeft', 'eyeSquintLeft'})",frozenset({'Neutral'}),0.10224667583677212,0.23016964695093994,0.03163686382393398,0.30941704035874446,1.344299930323549,0.008102782544676938,1.1147543424022102,0.2852881526550311
"frozenset({'eyeLookOutLeft', 'eyeSquintRight'})",frozenset({'Neutral'}),0.07336084364970197,0.23016964695093994,0.0270518110958276,0.36875,1.6020791832669323,0.010166371612952595,1.2195332325529664,0.4055636159310293
"frozenset({'eyeSquintLeft', 'eyeLookOutRight'})",frozenset({'Neutral'}),0.06006419073819349,0.23016964695093994,0.02521779000458505,0.4198473282442748,1.8240777348620782,0.01139283642798114,1.3269444243345638,0.48064745011086474
"frozenset({'eyeLookOutRight', 'eyeSquintRight'})",frozenset({'Neutral'}),0.03897294818890417,0.23016964695093994,0.018340210912425492,0.47058823529411764,2.0445277712678696,0.009369821187148145,1.45412400020378,0.5316078244274809
"frozenset({'eyeLookUpLeft', 'eyeLookUpRight'})",frozenset({'Neutral'}),0.12012838147638698,0.23016964695093994,0.033012379642365884,0.27480916030534347,1.193941790091542,0.005362472489158061,1.0615555394676512,0.18461583000405296
frozenset({'eyeLookUpLeft'}),"frozenset({'Neutral', 'eyeLookUpRight'})",0.14442916093535077,0.03759743237047226,0.033012379642365884,0.22857142857142854,6.079442508710801,0.02758221403177498,1.2475588839642024,0.9765541264737406
"frozenset({'eyeSquintLeft', 'eyeLookUpLeft'})",frozenset({'Neutral'}),0.09032553874369555,0.23016964695093994,0.02521779000458505,0.27918781725888325,1.2129653972940724,0.0044275926412951985,1.06800408134271,0.19300769794721398
"frozenset({'eyeSquintRight', 'eyeLookUpLeft'})",frozenset({'Neutral'}),0.04951856946354883,0.23016964695093994,0.017881705639614855,0.3611111111111111,1.568891102257636,0.006484033988674226,1.2049518569463549,0.38149838583991985
"frozenset({'eyeSquintLeft', 'eyeLookUpRight'})",frozenset({'Neutral'}),0.07657038055937643,0.23016964695093994,0.020174232003668042,0.2634730538922156,1.1446906982847056,0.002550054543417255,1.0452168208064474,0.1368827299810419
"frozenset({'eyeSquintRight', 'eyeLookUpRight'})",frozenset({'Neutral'}),0.051811095827602016,0.23016964695093994,0.018340210912425492,0.35398230088495575,1.537919119980256,0.006414869277645018,1.1916552040348463,0.36888297872340425
frozenset({'eyeSquintRight'}),"frozenset({'Neutral', 'eyeLookUpRight'})",0.4167812929848693,0.03759743237047226,0.018340210912425492,0.044004400440044,1.1704097238992193,0.0026703044361488827,1.0067018802937175,0.24964622641509426
"frozenset({'eyeSquintLeft', 'eyeSquintRight'})",frozenset({'Neutral'}),0.3658872077028886,0.23016964695093994,0.10224667583677212,0.2794486215538847,1.214098493245065,0.01803054641593302,1.0683906464924346,0.27809499722770725
"frozenset({'eyeSquintLeft', 'mouthPucker'})",frozenset({'Neutral'}),0.0614397065566254,0.23016964695093994,0.015130674002751032,0.24626865671641793,1.0699441041802937,0.0009891184358432129,1.0213590822631093,0.06965107844443454
"frozenset({'mouthPucker', 'eyeSquintRight'})",frozenset({'Neutral'}),0.0343878954607978,0.23016964695093994,0.010087116001834021,0.29333333333333333,1.274422310756972,0.0021720662442363623,1.0893825750694246,0.22299922299922303
"frozenset({'browInnerUp', 'browOuterUpLeft'})",frozenset({'Sad'}),0.18890417239798257,0.14442916093535077,0.02888583218707015,0.15291262135922332,1.05873786407767,0.0016025610704426783,1.010014858723884,0.06840022611644983
frozenset({'browInnerUp'}),"frozenset({'Sad', 'browOuterUpLeft'})",0.2718936267767079,0.04676753782668501,0.02888583218707015,0.10623946037099495,2.271649637932745,0.01617003671195589,1.06654122654486,0.7688317140458198
"frozenset({'browInnerUp', 'browOuterUpRight'})",frozenset({'Sad'}),0.1361760660247593,0.14442916093535077,0.022925263640531865,0.16835016835016833,1.1656244989578322,0.0032574686850989527,1.0287633166081005,0.1644904458598724
frozenset({'browInnerUp'}),"frozenset({'Sad', 'browOuterUpRight'})",0.2718936267767079,0.03759743237047226,0.022925263640531865,0.08431703204047218,2.2426274009789005,0.012702761395832164,1.0510215885898893,0.761007556675063
"frozenset({'browInnerUp', 'eyeSquintLeft'})",frozenset({'Sad'}),0.0687757909215956,0.14442916093535077,0.017881705639614855,0.26,1.8001904761904761,0.007948475864143689,1.1561768095468232,0.47733212134984654
"frozenset({'browInnerUp', 'eyeSquintRight'})",frozenset({'Sad'}),0.039889958734525444,0.14442916093535077,0.010087116001834021,0.25287356321839083,1.750848385331144,0.004325842732060744,1.1451486615172999,0.446665798384996
"frozenset({'browInnerUp', 'mouthPucker'})",frozenset({'Sad'}),0.07565337001375516,0.14442916093535077,0.011462631820265932,0.1515151515151515,1.0490620490620488,0.0005360790672476485,1.0083513460404794,0.050595238095237936
frozenset({'browOuterUpLeft'}),"frozenset({'Sad', 'browOuterUpRight'})",0.33837689133425036,0.03759743237047226,0.020174232003668042,0.05962059620596206,1.5857624429902837,0.007452129715997924,1.023419445116126,0.5583065583065584
frozenset({'browOuterUpRight'}),"frozenset({'Sad', 'browOuterUpLeft'})",0.2209995414947272,0.04676753782668501,0.020174232003668042,0.0912863070539419,1.951916036123993,0.009838627587133345,1.0489909743551094,0.6260367060837926
"frozenset({'eyeLookOutLeft', 'browOuterUpLeft'})",frozenset({'Sad'}),0.06923429619440624,0.14442916093535077,0.01054562127464466,0.152317880794702,1.0546199936928413,0.0005461699673370169,1.0093062242090785,0.05564360676804445
"frozenset({'eyeSquintLeft', 'browOuterUpLeft'})",frozenset({'Sad'}),0.09949564419990829,0.14442916093535077,0.020174232003668042,0.20276497695852536,1.4039060785604565,0.005804159595153088,1.073172670965485,0.319489446398815
"frozenset({'eyeSquintLeft', 'browOuterUpRight'})",frozenset({'Sad'}),0.05639614855570839,0.14442916093535077,0.013755158184319119,0.24390243902439024,1.6887340301974447,0.005609909768432762,1.1315614323113103,0.4322157434402331
"frozenset({'eyeSquintRight', 'browOuterUpRight'})",frozenset({'Sad'}),0.040348464007336084,0.14442916093535077,0.01192113709307657,0.29545454545454547,2.0456709956709958,0.006093642291466819,1.2143586102853086,0.532654636333566
"frozenset({'mouthPucker', 'browOuterUpRight'})",frozenset({'Sad'}),0.06373223292067859,0.14442916093535077,0.011462631820265932,0.17985611510791366,1.2452894826995544,0.0022578388949959834,1.0431960230700548,0.21038197845249737
frozenset({'mouthPucker'}),"frozenset({'Sad', 'browOuterUpRight'})",0.16552040348464006,0.03759743237047226,0.011462631820265932,0.06925207756232687,1.8419363556516455,0.005239489644318898,1.0340099015305342,0.5477582417582418
"frozenset({'eyeSquintLeft', 'eyeBlinkLeft'})",frozenset({'Sad'}),0.0270518110958276,0.14442916093535077,0.01054562127464466,0.3898305084745763,2.6991121872477803,0.006638550896292667,1.4021855418003975,0.647010613449166
frozenset({'eyeSquintLeft'}),"frozenset({'Sad', 'eyeBlinkLeft'})",0.5694635488308115,0.016964695093993582,0.01054562127464466,0.01851851851851852,1.0915915915915917,0.0008848458015864157,1.0015831408476292,0.194888178913738
"frozenset({'eyeBlinkLeft', 'eyeSquintRight'})",frozenset({'Sad'}),0.03209536909674461,0.14442916093535077,0.01192113709307657,0.37142857142857144,2.5717006802721087,0.00728562986452336,1.3611354257846693,0.6314178479029261
frozenset({'eyeBlinkLeft'}),"frozenset({'Sad', 'eyeSquintRight'})",0.049060064190738197,0.06923429619440624,0.01192113709307657,0.24299065420560748,3.509686204122052,0.00852449807757842,1.2295300037925745,0.751965729545286
frozenset({'eyeSquintRight'}),"frozenset({'Sad', 'eyeBlinkLeft'})",0.4167812929848693,0.016964695093993582,0.01192113709307657,0.028602860286028604,1.686022656319686,0.004850569536707857,1.011980851822831,0.6976596516690857
"frozenset({'eyeSquintLeft', 'eyeBlinkRight'})",frozenset({'Sad'}),0.04630903255387437,0.14442916093535077,0.015130674002751032,0.32673267326732675,2.262234794908062,0.008442299287267113,1.2707743344930822,0.5850524475524476
frozenset({'eyeSquintLeft'}),"frozenset({'Sad', 'eyeBlinkRight'})",0.5694635488308115,0.016047684548372305,0.015130674002751032,0.026570048309178747,1.6556935817805387,0.005992102609317561,1.0108095746823171,0.9198373511472555
"frozenset({'eyeLookDownRight', 'eyeLookDownLeft'})",frozenset({'Sad'}),0.09032553874369555,0.14442916093535077,0.015589179275561669,0.17258883248730966,1.1949722020788012,0.0025435375037762033,1.0340334680719996,0.17936136148007584
frozenset({'eyeLookDownRight'}),"frozenset({'Sad', 'eyeLookDownLeft'})",0.12150389729481889,0.01925722145804677,0.015589179275561669,0.12830188679245283,6.662533692722372,0.013249351817339572,1.12509452949618,0.967456711285767
frozenset({'eyeLookDownLeft'}),"frozenset({'Sad', 'eyeLookDownRight'})",0.10866574965612105,0.024300779458963778,0.015589179275561669,0.14345991561181434,5.9035108669691905,0.012948516858425302,1.139116823981407,0.9318718228031954
"frozenset({'eyeSquintLeft', 'eyeLookDownRight'})",frozenset({'Sad'}),0.052269601100412656,0.14442916093535077,0.013296652911508482,0.2543859649122807,1.7613199665831245,0.005747398282150395,1.1474714782749413,0.45608327911515933
frozenset({'eyeLookOutLeft'}),"frozenset({'Sad', 'eyeLookInRight'})",0.23016964695093994,0.0270518110958276,0.026134800550206328,0.11354581673306773,4.197346208386792,0.01990829474089617,1.0975730131008867,0.9895092107875408
"frozenset({'eyeSquintRight', 'eyeLookInRight'})",frozenset({'Sad'}),0.06785878037597433,0.14442916093535077,0.010087116001834021,0.14864864864864863,1.029214929214929,0.00028632929003580276,1.0049562236632388,0.030452086034968368
"frozenset({'eyeLookOutLeft', 'eyeSquintLeft'})",frozenset({'Sad'}),0.10224667583677212,0.14442916093535077,0.015589179275561669,0.15246636771300448,1.0556480888319453,0.0008217776760278683,1.0094830534995598,0.058718380099741625
"frozenset({'eyeLookOutLeft', 'eyeSquintRight'})",frozenset({'Sad'}),0.07336084364970197,0.14442916093535077,0.011004126547455296,0.15000000000000002,1.0385714285714287,0.0004086814536193844,1.006553928311352,0.040079168728352224
frozenset({'eyeLookUpLeft'}),"frozenset({'Sad', 'eyeLookUpRight'})",0.14442916093535077,0.011462631820265932,0.011004126547455296,0.07619047619047618,6.646857142857143,0.009348588251543435,1.0700662232873408,0.9929662379421222
frozenset({'eyeLookUpRight'}),"frozenset({'Sad', 'eyeLookUpLeft'})",0.13204951856946354,0.013296652911508482,0.011004126547455296,0.08333333333333334,6.267241379310345,0.009248309931905344,1.0764036513692634,0.9683042789223454
"frozenset({'eyeSquintLeft', 'eyeSquintRight'})",frozenset({'Sad'}),0.3658872077028886,0.14442916093535077,0.058688674919761576,0.16040100250626566,1.1105859887814773,0.005843892514254968,1.019023178468045,0.15702955531453347
frozenset({'eyeSquintLeft'}),"frozenset({'Sad', 'eyeSquintRight'})",0.5694635488308115,0.06923429619440624,0.058688674919761576,0.10305958132045089,1.488562561986115,0.01926226690809145,1.0377118528963623,0.7623302715654952
"frozenset({'eyeSquintLeft', 'mouthPucker'})",frozenset({'Sad'}),0.0614397065566254,0.14442916093535077,0.012838147638697846,0.20895522388059704,1.4467661691542288,0.003964462372610269,1.0815706833458774,0.32901807523204685
frozenset({'eyeSquintLeft'}),"frozenset({'Sad', 'mouthSmileLeft'})",0.5694635488308115,0.013755158184319119,0.013296652911508482,0.023349436392914657,1.6975040257648957,0.005463591717136935,1.0098236550165505,0.9543902170320592
"frozenset({'mouthSmileRight', 'eyeSquintLeft'})",frozenset({'Sad'}),0.0907840440165062,0.14442916093535077,0.013296652911508482,0.14646464646464646,1.014093314093314,0.0001847896078865409,1.0023847700284056,0.015285095727476482
frozenset({'eyeSquintRight'}),"frozenset({'Sad', 'mouthSmileLeft'})",0.4167812929848693,0.013755158184319119,0.010087116001834021,0.0242024202420242,1.7595159515951595,0.004354223388562091,1.0107063824244125,0.7401372212692968
frozenset({'mouthSmileLeft'}),"frozenset({'Sad', 'eyeSquintRight'})",0.13204951856946354,0.06923429619440624,0.010087116001834021,0.0763888888888889,1.1033388520971303,0.0009447605208670346,1.0077463259248534,0.10790952312346916
frozenset({'mouthSmileRight'}),"frozenset({'Sad', 'mouthSmileLeft'})",0.12563044475011462,0.013755158184319119,0.012838147638697846,0.10218978102189782,7.4291970802919725,0.011110080998393656,1.0985003522662462,0.9897370589557271
"frozenset({'browInnerUp', 'browOuterUpLeft'})",frozenset({'Surprise'}),0.18890417239798257,0.11829436038514443,0.039889958734525444,0.2111650485436893,1.7850812824565363,0.01754366048662104,1.1177314569886785,0.5422311455917038
"frozenset({'browInnerUp', 'browOuterUpRight'})",frozenset({'Surprise'}),0.1361760660247593,0.11829436038514443,0.027968821641448878,0.2053872053872054,1.7362383525174223,0.01185996101128478,1.109604131210221,0.4908896314085831
frozenset({'browInnerUp'}),"frozenset({'Surprise', 'browOuterUpRight'})",0.2718936267767079,0.03759743237047226,0.027968821641448878,0.10286677908937607,2.736005429194259,0.01774631939674918,1.0727532379780262,0.8714436139901723
"frozenset({'browInnerUp', 'mouthPucker'})",frozenset({'Surprise'}),0.07565337001375516,0.11829436038514443,0.024759284731774415,0.32727272727272727,2.766596194503171,0.01580991771501658,1.310643518346407,0.6908068783068781
"frozenset({'browOuterUpLeft', 'browOuterUpRight'})",frozenset({'Surprise'}),0.14947271893626776,0.11829436038514443,0.029802842732691424,0.19938650306748465,1.6855114852332713,0.012121063051097163,1.1012875038867544,0.4781837030893634
frozenset({'browOuterUpLeft'}),"frozenset({'Surprise', 'browOuterUpRight'})",0.33837689133425036,0.03759743237047226,0.029802842732691424,0.08807588075880758,2.3426036089629187,0.01708074044502131,1.0553537814421863,0.8662402047017433
"frozenset({'browOuterUpLeft', 'eyeLookInRight'})",frozenset({'Surprise'}),0.07106831728564879,0.11829436038514443,0.012838147638697846,0.18064516129032257,1.5270817704426105,0.0044311665017435185,1.076097434175611,0.3715625440699478
"frozenset({'eyeLookOutLeft', 'browOuterUpLeft'})",frozenset({'Surprise'}),0.06923429619440624,0.11829436038514443,0.011004126547455296,0.15894039735099336,1.3436008008624671,0.0028140997624223705,1.048327177809789,0.27475369458128074
"frozenset({'mouthPucker', 'browOuterUpLeft'})",frozenset({'Surprise'}),0.08528198074277854,0.11829436038514443,0.030261348005502064,0.3548387096774194,2.9996249062265568,0.020172970641156873,1.3666437414030261,0.7287764866712235
"frozenset({'mouthPucker', 'browOuterUpRight'})",frozenset({'Surprise'}),0.06373223292067859,0.11829436038514443,0.02200825309491059,0.34532374100719426,2.9191902292119796,0.014469089365641872,1.346781141829285,0.7021914789422135
frozenset({'mouthPucker'}),"frozenset({'Surprise', 'browOuterUpRight'})",0.16552040348464006,0.03759743237047226,0.02200825309491059,0.1329639889196676,3.5365178028511592,0.015785110918963556,1.1099914597899665,0.8595009157509157
"frozenset({'eyeLookOutRight', 'eyeLookInLeft'})",frozenset({'Surprise'}),0.10132966529115085,0.11829436038514443,0.013296652911508482,0.13122171945701358,1.109281279595917,0.001309924967851022,1.0148799289316828,0.1096235045742434
"frozenset({'eyeLookOutLeft', 'eyeLookInRight'})",frozenset({'Surprise'}),0.21091242549289316,0.11829436038514443,0.02521779000458505,0.11956521739130435,1.0107431749241658,0.0002680395336238234,1.001443442525515,0.01346996989065545
"frozenset({'eyeLookUpLeft', 'eyeLookUpRight'})",frozenset({'Surprise'}),0.12012838147638698,0.11829436038514443,0.02109124254928932,0.17557251908396948,1.4842002485354164,0.006880732498437488,1.0694762850883897,0.37077735233477577
frozenset({'eyeLookUpLeft'}),"frozenset({'Surprise', 'eyeLookUpRight'})",0.14442916093535077,0.022925263640531865,0.02109124254928932,0.14603174603174604,6.369904761904762,0.017780165957465597,1.1441581485250278,0.9853208444009507
"frozenset({'eyeSquintLeft', 'eyeLookUpLeft'})",frozenset({'Surprise'}),0.09032553874369555,0.11829436038514443,0.01192113709307657,0.1319796954314721,1.1156888206823279,0.0012361352609475233,1.0157661462229621,0.11398883374689829
"frozenset({'eyeSquintLeft', 'eyeLookUpRight'})",frozenset({'Surprise'}),0.07657038055937643,0.11829436038514443,0.01054562127464466,0.13772455089820362,1.164252889569698,0.0014877770819261265,1.0225336237200062,0.15277837744484268
"frozenset({'eyeSquintLeft', 'mouthPucker'})",frozenset({'Surprise'}),0.0614397065566254,0.11829436038514443,0.010087116001834021,0.16417910447761194,1.387886150642138,0.0028191452124670547,1.0548978188249165,0.2977750144335391
"frozenset({'eyeSquintLeft', 'eyeSquintRight', 'browDownRight'})",frozenset({'Angry'}),0.03255387436955525,0.1829436038514443,0.010087116001834021,0.30985915492957744,1.6937413957428782,0.00413159290534042,1.1838980433989277,0.4233735458853943
"frozenset({'eyeSquintLeft', 'eyeSquintRight'})","frozenset({'Angry', 'browDownRight'})",0.3658872077028886,0.014213663457129757,0.010087116001834021,0.027568922305764413,1.9396070822216833,0.004886518368276228,1.0137338873211477,0.76395188325774
"frozenset({'browInnerUp', 'browOuterUpLeft'})","frozenset({'Angry', 'browOuterUpRight'})",0.18890417239798257,0.033470884915176524,0.013296652911508482,0.0703883495145631,2.102972469743317,0.006973863097178942,1.0397127817622642,0.6466345685269292
"frozenset({'eyeLookOutLeft', 'eyeLookInRight', 'eyeSquintLeft'})",frozenset({'Angry'}),0.09307657038055937,0.1829436038514443,0.02063273727647868,0.22167487684729065,1.2117115448720324,0.0036049740569265507,1.0497623317604863,0.19265251095382538
"frozenset({'eyeLookOutLeft', 'eyeSquintLeft'})","frozenset({'Angry', 'eyeLookInRight'})",0.10224667583677212,0.04126547455295736,0.02063273727647868,0.20179372197309417,4.890134529147982,0.01641347967661188,1.201111231318486,0.8861082737487233
"frozenset({'eyeLookOutLeft', 'eyeSquintRight', 'eyeLookInRight'})",frozenset({'Angry'}),0.06648326455754242,0.1829436038514443,0.016506189821182942,0.24827586206896549,1.3571169302566761,0.0043435018072171365,1.0869098847847758,0.2818844138834315
"frozenset({'eyeLookOutLeft', 'eyeSquintRight'})","frozenset({'Angry', 'eyeLookInRight'})",0.07336084364970197,0.04126547455295736,0.016506189821182942,0.22499999999999998,5.4525,0.013478919794372681,1.2370768070284421,0.8812469074715487
"frozenset({'eyeSquintLeft', 'eyeSquintRight', 'eyeLookInRight'})",frozenset({'Angry'}),0.055937643282897756,0.1829436038514443,0.01192113709307657,0.21311475409836064,1.164920497966227,0.00168770303994672,1.0383425034387896,0.14996077259311838
"frozenset({'eyeLookOutLeft', 'eyeSquintRight', 'eyeSquintLeft'})",frozenset({'Angry'}),0.06006419073819349,0.1829436038514443,0.012838147638697846,0.2137404580152672,1.1683406990759342,0.0018497881226321872,1.039168814519037,0.15329268292682935
"frozenset({'eyeSquintLeft', 'eyeLookUpLeft', 'eyeLookUpRight'})",frozenset({'Angry'}),0.07106831728564879,0.1829436038514443,0.02109124254928932,0.29677419354838713,1.62221683240359,0.008089748465394836,1.1618691871837261,0.4129039872955921
"frozenset({'eyeSquintLeft', 'eyeLookUpLeft'})","frozenset({'Angry', 'eyeLookUpRight'})",0.09032553874369555,0.03255387436955525,0.02109124254928932,0.23350253807106602,7.172803317366126,0.01815079630866466,1.2621648129085936,0.9460356767180926
"frozenset({'eyeSquintRight', 'eyeLookUpLeft', 'eyeLookUpRight'})",frozenset({'Angry'}),0.04676753782668501,0.1829436038514443,0.01192113709307657,0.2549019607843137,1.3933362818811734,0.0033653151798040733,1.0965756895677985,0.2961482961482962
"frozenset({'eyeSquintRight', 'eyeLookUpLeft'})","frozenset({'Angry', 'eyeLookUpRight'})",0.04951856946354883,0.03255387436955525,0.01192113709307657,0.24074074074074076,7.395148669796558,0.010309115803800107,1.2741973361961954,0.9098296782811978
"frozenset({'eyeSquintLeft', 'eyeSquintRight', 'eyeLookUpLeft'})",frozenset({'Angry'}),0.04585052728106373,0.1829436038514443,0.011462631820265932,0.25,1.3665413533834587,0.003074571120979171,1.0894085281980743,0.28111484863046615
"frozenset({'eyeSquintLeft', 'eyeSquintRight', 'eyeLookUpRight'})",frozenset({'Angry'}),0.04585052728106373,0.1829436038514443,0.011462631820265932,0.25,1.3665413533834587,0.003074571120979171,1.0894085281980743,0.28111484863046615
"frozenset({'browInnerUp', 'browOuterUpLeft', 'browOuterUpRight'})",frozenset({'Fear'}),0.10453920220082531,0.07473635946813388,0.015130674002751032,0.14473684210526316,1.9366322247336134,0.0073177946085582184,1.0818467181603357,0.5401014755853466
"frozenset({'browInnerUp', 'browOuterUpLeft'})","frozenset({'Fear', 'browOuterUpRight'})",0.18890417239798257,0.02200825309491059,0.015130674002751032,0.08009708737864078,3.6394114077669903,0.01097322316593161,1.0631467011210998,0.8941363893314148
"frozenset({'browInnerUp', 'browOuterUpRight'})","frozenset({'Fear', 'browOuterUpLeft'})",0.1361760660247593,0.03622191655204035,0.015130674002751032,0.1111111111111111,3.0675105485232064,0.010198115902817065,1.0842503438789548,0.7802547770700637
frozenset({'browInnerUp'}),"frozenset({'Fear', 'browOuterUpLeft', 'browOuterUpRight'})",0.2718936267767079,0.018340210912425492,0.015130674002751032,0.05564924114671164,3.0342748735244522,0.01014408754192191,1.039507598087378,0.920788489428288
"frozenset({'browInnerUp', 'browOuterUpLeft'})","frozenset({'Happy', 'browOuterUpRight'})",0.18890417239798257,0.039889958734525444,0.015130674002751032,0.08009708737864078,2.0079511215266157,0.007595294361015827,1.0437080131962415,0.6188910015930933
"frozenset({'browInnerUp', 'browOuterUpRight'})","frozenset({'Happy', 'browOuterUpLeft'})",0.1361760660247593,0.06648326455754242,0.015130674002751032,0.1111111111111111,1.6712643678160917,0.006077244578821597,1.0502063273727649,0.46496815286624205
frozenset({'browInnerUp'}),"frozenset({'Happy', 'browOuterUpLeft', 'browOuterUpRight'})",0.2718936267767079,0.02521779000458505,0.015130674002751032,0.05564924114671164,2.206745362563238,0.00827411761911099,1.0322247330844305,0.7510495382031906
"frozenset({'eyeLookOutLeft', 'browOuterUpLeft'})","frozenset({'Happy', 'eyeLookInRight'})",0.06923429619440624,0.04309949564419991,0.014213663457129757,0.2052980132450331,4.763350711568268,0.011229700209869698,1.2040998013143818,0.8488320355951057
"frozenset({'eyeLookOutLeft', 'eyeLookInRight'})","frozenset({'Happy', 'browOuterUpLeft'})",0.21091242549289316,0.06648326455754242,0.014213663457129757,0.06739130434782609,1.0136581709145427,0.00019151687461278766,1.0009736557191853,0.01707559370958367
frozenset({'eyeLookOutLeft'}),"frozenset({'Happy', 'browOuterUpLeft', 'eyeLookInRight'})",0.23016964695093994,0.016047684548372305,0.014213663457129757,0.061752988047808766,3.8480933409220266,0.01051997357025085,1.048713508188359,0.9614209687025688
"frozenset({'eyeSquintLeft', 'eyeLookOutRight'})","frozenset({'Happy', 'eyeLookInLeft'})",0.06006419073819349,0.020174232003668042,0.011004126547455296,0.183206106870229,9.08119361554476,0.00979237762839041,1.1995997720328924,0.9467479674796748
"frozenset({'eyeSquintLeft', 'eyeLookInLeft'})","frozenset({'Happy', 'eyeLookOutRight'})",0.055020632737276476,0.020174232003668042,0.011004126547455296,0.2,9.913636363636364,0.009894127537624867,1.2247822099954149,0.9514798641436195
"frozenset({'eyeLookOutLeft', 'eyeSquintLeft'})","frozenset({'Happy', 'eyeLookInRight'})",0.10224667583677212,0.04309949564419991,0.015130674002751032,0.14798206278026907,3.4334987119549663,0.010723893842890152,1.1230990130070706,0.7894728696567308
"frozenset({'eyeSquintLeft', 'eyeLookUpLeft'})","frozenset({'Happy', 'eyeLookUpRight'})",0.09032553874369555,0.01925722145804677,0.011462631820265932,0.12690355329949238,6.589920232052211,0.009723212917361205,1.1232926010044466,0.9324798387096775
"frozenset({'eyeSquintLeft', 'eyeLookUpRight'})","frozenset({'Happy', 'eyeLookUpLeft'})",0.07657038055937643,0.021549747822099955,0.011462631820265932,0.14970059880239522,6.946744808255829,0.009812559428569146,1.1507126205190796,0.927030784508441
frozenset({'eyeSquintLeft'}),"frozenset({'Happy', 'eyeLookUpLeft', 'eyeLookUpRight'})",0.5694635488308115,0.01742320036680422,0.011462631820265932,0.020128824476650563,1.1552885837782862,0.0015407543073953055,1.0027612038984628,0.3122044728434505
"frozenset({'eyeSquintLeft', 'eyeSquintRight', 'mouthSmileLeft'})",frozenset({'Happy'}),0.07381934892251261,0.23613021549747823,0.055479138010087116,0.7515527950310559,3.182789603811132,0.038048159241130676,3.07457588262265,0.7404713198592586
"frozenset({'eyeSquintLeft', 'eyeSquintRight'})","frozenset({'Happy', 'mouthSmileLeft'})",0.3658872077028886,0.10224667583677212,0.055479138010087116,0.15162907268170425,1.482973127886982,0.01806838729126816,1.0582084973150012,0.5135978200462524
"frozenset({'eyeSquintLeft', 'mouthSmileLeft'})","frozenset({'Happy', 'eyeSquintRight'})",0.09628610729023383,0.11141678129298486,0.055479138010087116,0.5761904761904763,5.17148736037625,0.04475124985257826,2.0966570329041936,0.8925745625621092
frozenset({'eyeSquintLeft'}),"frozenset({'Happy', 'eyeSquintRight', 'mouthSmileLeft'})",0.5694635488308115,0.0577716643741403,0.055479138010087116,0.09742351046698873,1.6863545740357335,0.022580280993726616,1.04393184018494,0.9453436485094924
"frozenset({'mouthSmileRight', 'eyeSquintRight', 'eyeSquintLeft'})",frozenset({'Happy'}),0.07106831728564879,0.23613021549747823,0.05456212746446584,0.7677419354838709,3.2513498277481987,0.03778075038876244,3.288883794385857,0.7454105037869048
"frozenset({'mouthSmileRight', 'eyeSquintLeft'})","frozenset({'Happy', 'eyeSquintRight'})",0.0907840440165062,0.11141678129298486,0.05456212746446584,0.601010101010101,5.394251153510413,0.044447261487386064,2.227081991189734,0.8959559618098374
"frozenset({'mouthSmileRight', 'mouthSmileLeft', 'eyeSquintLeft'})",frozenset({'Happy'}),0.08528198074277854,0.23613021549747823,0.0651077487391105,0.7634408602150538,3.23313498277482,0.044970096248266415,3.229085907215205,0.7550990151434924
"frozenset({'mouthSmileRight', 'eyeSquintLeft'})","frozenset({'Happy', 'mouthSmileLeft'})",0.0907840440165062,0.10224667583677212,0.0651077487391105,0.7171717171717171,7.014132354939529,0.05582538201940354,3.174199253291412,0.9430440433828386
"frozenset({'mouthSmileRight', 'eyeSquintRight', 'mouthSmileLeft'})",frozenset({'Happy'}),0.07152682255845942,0.23613021549747823,0.055479138010087116,0.7756410256410257,3.2848020911127707,0.038589493985508205,3.4046767537826685,0.7491521273339455
"frozenset({'mouthSmileRight', 'eyeSquintRight'})","frozenset({'Happy', 'mouthSmileLeft'})",0.07427785419532325,0.10224667583677212,0.055479138010087116,0.7469135802469136,7.305015778109949,0.04788447433032687,3.547220451571778,0.9323615733179423
"frozenset({'mouthSmileRight', 'mouthSmileLeft'})","frozenset({'Happy', 'eyeSquintRight'})",0.11737734983952315,0.11141678129298486,0.055479138010087116,0.47265625,4.2422357253086425,0.042401331494266795,1.6850170665851547,0.8659139207899539
frozenset({'mouthSmileRight'}),"frozenset({'Happy', 'eyeSquintRight', 'mouthSmileLeft'})",0.12563044475011462,0.0577716643741403,0.055479138010087116,0.4416058394160584,7.643986791797011,0.04822125812080952,1.6873893069378143,0.9940627613793462
"frozenset({'mouthSmileRight', 'mouthUpperUpLeft', 'mouthSmileLeft'})",frozenset({'Happy'}),0.01054562127464466,0.23613021549747823,0.010087116001834021,0.9565217391304347,4.050823132123258,0.007596976177697386,17.56900504355797,0.7611635352599208
"frozenset({'mouthSmileRight', 'mouthUpperUpLeft'})","frozenset({'Happy', 'mouthSmileLeft'})",0.011004126547455296,0.10224667583677212,0.010087116001834021,0.9166666666666666,8.965246636771301,0.008961980641869541,10.77303988995873,0.8983436591225187
"frozenset({'mouthSmileRight', 'mouthSmileLeft'})","frozenset({'Happy', 'mouthUpperUpLeft'})",0.11737734983952315,0.013296652911508482,0.010087116001834021,0.0859375,6.463092672413793,0.008526390121345175,1.0794703284386915,0.9576859504132231
frozenset({'mouthSmileRight'}),"frozenset({'Happy', 'mouthUpperUpLeft', 'mouthSmileLeft'})",0.12563044475011462,0.010087116001834021,0.010087116001834021,0.08029197080291971,7.95985401459854,0.008819867132277615,1.076333850061498,1.0
"frozenset({'eyeSquintLeft', 'browDownLeft', 'browDownRight'})",frozenset({'Neutral'}),0.031178358551123338,0.23016964695093994,0.01054562127464466,0.3382352941176471,1.4695043355987814,0.0033693094944227814,1.163299200163024,0.32978044815736957
"frozenset({'eyeSquintLeft', 'browDownLeft'})","frozenset({'Neutral', 'browDownRight'})",0.03851444291609354,0.016047684548372305,0.01054562127464466,0.27380952380952384,17.062244897959186,0.009927553644170898,1.3549507294743726,0.9791005784661316
"frozenset({'browDownLeft', 'eyeSquintRight', 'browDownRight'})",frozenset({'Neutral'}),0.028427326914259515,0.23016964695093994,0.010087116001834021,0.3548387096774193,1.541639892044724,0.0035440082022199556,1.1932370472260427,0.36161997511690763
"frozenset({'browDownLeft', 'eyeSquintRight'})","frozenset({'Neutral', 'browDownRight'})",0.03484640073360844,0.016047684548372305,0.010087116001834021,0.2894736842105263,18.038345864661657,0.009527911955214904,1.3848217773022908,0.9786655150075578
"frozenset({'eyeSquintLeft', 'browDownLeft', 'eyeSquintRight'})",frozenset({'Neutral'}),0.03255387436955525,0.23016964695093994,0.01054562127464466,0.323943661971831,1.407412603108692,0.0030527075041188742,1.1387073972184012,0.29921697918813106
"frozenset({'eyeSquintLeft', 'eyeSquintRight', 'browDownRight'})",frozenset({'Neutral'}),0.03255387436955525,0.23016964695093994,0.01192113709307657,0.36619718309859156,1.5909881600359126,0.004428223322550786,1.2146212236996279,0.38395916879329195
"frozenset({'eyeSquintLeft', 'eyeSquintRight'})","frozenset({'Neutral', 'browDownRight'})",0.3658872077028886,0.016047684548372305,0.01192113709307657,0.03258145363408522,2.030290010741139,0.006049494603575838,1.0170906058683924,0.8002669781411648
"frozenset({'browInnerUp', 'browOuterUpLeft'})","frozenset({'Neutral', 'browOuterUpRight'})",0.18890417239798257,0.048143053645116916,0.020174232003668042,0.10679611650485436,2.2183079056865465,0.011079808298125552,1.0656659290712278,0.6771159874608149
"frozenset({'browInnerUp', 'mouthPucker'})","frozenset({'Neutral', 'browOuterUpRight'})",0.07565337001375516,0.048143053645116916,0.011004126547455296,0.14545454545454545,3.021298701298701,0.007361942296449202,1.1138751499897568,0.7237723214285714
"frozenset({'browInnerUp', 'eyeLookOutLeft', 'eyeLookInRight'})",frozenset({'Neutral'}),0.04264099037138927,0.23016964695093994,0.010087116001834021,0.23655913978494625,1.0277599280298162,0.00027245430241292293,1.00836933568398,0.028213166144200576
"frozenset({'mouthPucker', 'browOuterUpLeft', 'browOuterUpRight'})",frozenset({'Neutral'}),0.05318661164603393,0.23016964695093994,0.012379642365887207,0.23275862068965517,1.0112481110042588,0.0001376987408028274,1.0033743927381007,0.011747825307147308
"frozenset({'mouthPucker', 'browOuterUpLeft'})","frozenset({'Neutral', 'browOuterUpRight'})",0.08528198074277854,0.048143053645116916,0.012379642365887207,0.14516129032258066,3.0152073732718896,0.008273907392025793,1.1134930315849576,0.7306599832915622
"frozenset({'eyeLookOutLeft', 'browOuterUpLeft', 'eyeLookInRight'})",frozenset({'Neutral'}),0.0614397065566254,0.23016964695093994,0.016964695093993582,0.27611940298507465,1.19963429862639,0.0028231395270857627,1.063476982562619,0.17730627549875227
"frozenset({'eyeSquintLeft', 'eyeSquintRight', 'browOuterUpRight'})",frozenset({'Neutral'}),0.026134800550206328,0.23016964695093994,0.010087116001834021,0.38596491228070173,1.6768714615223317,0.004071678186059799,1.2537237178227547,0.4144838212634822
"frozenset({'eyeSquintLeft', 'eyeLookOutRight', 'eyeLookInLeft'})",frozenset({'Neutral'}),0.05272810637322329,0.23016964695093994,0.02200825309491059,0.4173913043478261,1.8134072406028063,0.009871843466594182,1.32135060597973,0.4735196837689578
"frozenset({'eyeLookOutRight', 'eyeLookInLeft', 'eyeSquintRight'})",frozenset({'Neutral'}),0.037138927097661624,0.23016964695093994,0.016964695093993582,0.45679012345679015,1.984580197727608,0.00841644135578811,1.4171876953857696,0.5152509652509653
"frozenset({'eyeSquintLeft', 'eyeSquintRight', 'eyeLookInLeft'})",frozenset({'Neutral'}),0.033470884915176524,0.23016964695093994,0.015589179275561669,0.4657534246575342,2.023522348960323,0.007885197511499947,1.440964506989266,0.5233284964839826
"frozenset({'eyeLookOutLeft', 'eyeLookInRight', 'eyeSquintLeft'})",frozenset({'Neutral'}),0.09307657038055937,0.23016964695093994,0.029344337459880788,0.31527093596059114,1.3697328910957156,0.007920936115983122,1.1242846163234474,0.29763334175935285
"frozenset({'eyeLookOutLeft', 'eyeSquintRight', 'eyeLookInRight'})",frozenset({'Neutral'}),0.06648326455754242,0.23016964695093994,0.02384227418615314,0.3586206896551724,1.5580711636213764,0.008539844654797665,1.2002731310979968,0.38368973855221394
"frozenset({'eyeSquintLeft', 'eyeSquintRight', 'eyeLookInRight'})",frozenset({'Neutral'}),0.055937643282897756,0.23016964695093994,0.020174232003668042,0.360655737704918,1.5669126771602113,0.0072990843979758475,1.2040936291280169,0.3832398781403151
"frozenset({'eyeLookOutLeft', 'eyeSquintRight', 'eyeSquintLeft'})",frozenset({'Neutral'}),0.06006419073819349,0.23016964695093994,0.02246675836772123,0.37404580152671757,1.625087436513488,0.008641804791117317,1.2298509298710594,0.40922847187655553
"frozenset({'eyeSquintLeft', 'eyeLookOutRight', 'eyeSquintRight'})",frozenset({'Neutral'}),0.03530490600641907,0.23016964695093994,0.016964695093993582,0.4805194805194806,2.0876752729342374,0.008838577342859985,1.4819234296194406,0.5400652553694381
"frozenset({'eyeSquintLeft', 'eyeLookUpLeft', 'eyeLookUpRight'})",frozenset({'Neutral'}),0.07106831728564879,0.23016964695093994,0.018340210912425492,0.25806451612903225,1.1211926487597994,0.001982441413390327,1.0375974323704722,0.11636229022704819
"frozenset({'eyeSquintLeft', 'eyeLookUpLeft'})","frozenset({'Neutral', 'eyeLookUpRight'})",0.09032553874369555,0.03759743237047226,0.018340210912425492,0.20304568527918782,5.4005199950476666,0.014944202578182927,1.2076006740319551,0.8957409274193548
"frozenset({'eyeSquintRight', 'eyeLookUpLeft', 'eyeLookUpRight'})",frozenset({'Neutral'}),0.04676753782668501,0.23016964695093994,0.016047684548372305,0.34313725490196073,1.4908014998828214,0.005283216878039487,1.1719805374776733,0.34537208822923093
"frozenset({'eyeSquintRight', 'eyeLookUpLeft'})","frozenset({'Neutral', 'eyeLookUpRight'})",0.04951856946354883,0.03759743237047226,0.016047684548372305,0.32407407407407407,8.619579945799458,0.014185913481883996,1.4238284562190273,0.9300392805457929
"frozenset({'eyeSquintLeft', 'eyeSquintRight', 'eyeLookUpLeft'})",frozenset({'Neutral'}),0.04585052728106373,0.23016964695093994,0.015589179275561669,0.34,1.477171314741036,0.00503577959876479,1.1664096258319092,0.3385532973400798
"frozenset({'eyeSquintLeft', 'eyeSquintRight', 'eyeLookUpRight'})",frozenset({'Neutral'}),0.04585052728106373,0.23016964695093994,0.014672168729940394,0.32,1.3902788844621514,0.004118769053143515,1.1321034603662647,0.2942095146564152
"frozenset({'eyeSquintLeft', 'eyeSquintRight'})","frozenset({'Neutral', 'eyeLookUpRight'})",0.3658872077028886,0.03759743237047226,0.014672168729940394,0.040100250626566414,1.0665688611773336,0.0009157491831101056,1.0026073746323279,0.09842733188720193
"frozenset({'browInnerUp', 'browOuterUpLeft', 'browOuterUpRight'})",frozenset({'Sad'}),0.10453920220082531,0.14442916093535077,0.015130674002751032,0.14473684210526316,1.0021303258145362,3.216474403485749e-05,1.0003597502909745,0.002373970115905487
"frozenset({'browInnerUp', 'browOuterUpLeft'})","frozenset({'Sad', 'browOuterUpRight'})",0.18890417239798257,0.03759743237047226,0.015130674002751032,0.08009708737864078,2.130387165522141,0.008028362156517851,1.0462001526737874,0.654178871815955
"frozenset({'browInnerUp', 'browOuterUpRight'})","frozenset({'Sad', 'browOuterUpLeft'})",0.1361760660247593,0.04676753782668501,0.015130674002751032,0.1111111111111111,2.375816993464052,0.008762054683848948,1.0723865199449796,0.6703821656050957
frozenset({'browInnerUp'}),"frozenset({'Sad', 'browOuterUpLeft', 'browOuterUpRight'})",0.2718936267767079,0.020174232003668042,0.015130674002751032,0.05564924114671164,2.7584317032040473,0.009645428895838998,1.0375655007532587,0.8755247691015954
"frozenset({'eyeLookOutLeft', 'eyeSquintLeft'})","frozenset({'Sad', 'eyeLookInRight'})",0.10224667583677212,0.0270518110958276,0.013296652911508482,0.13004484304932737,4.807250893060729,0.010530695151595802,1.1183888975547962,0.8821809728435067
"frozenset({'eyeSquintLeft', 'eyeSquintRight'})","frozenset({'Sad', 'mouthSmileLeft'})",0.3658872077028886,0.013755158184319119,0.010087116001834021,0.027568922305764413,2.004260651629073,0.0050542795822619635,1.0142053914547853,0.7901794517846578
"frozenset({'eyeSquintLeft', 'mouthSmileLeft'})","frozenset({'Sad', 'eyeSquintRight'})",0.09628610729023383,0.06923429619440624,0.010087116001834021,0.10476190476190476,1.5131504257332071,0.0034208151302955936,1.039685094676461,0.3752594437525944
frozenset({'eyeSquintLeft'}),"frozenset({'Sad', 'eyeSquintRight', 'mouthSmileLeft'})",0.5694635488308115,0.010087116001834021,0.010087116001834021,0.0177133655394525,1.7560386473429954,0.004342871125961553,1.0077637720702641,1.0
"frozenset({'mouthSmileRight', 'mouthSmileLeft', 'eyeSquintLeft'})",frozenset({'Sad'}),0.08528198074277854,0.14442916093535077,0.012379642365887207,0.14516129032258066,1.0050691244239631,6.2437444302961e-05,1.0008564532454387,0.005513784461152827
"frozenset({'mouthSmileRight', 'eyeSquintLeft'})","frozenset({'Sad', 'mouthSmileLeft'})",0.0907840440165062,0.013755158184319119,0.012379642365887207,0.13636363636363635,9.913636363636364,0.011130893479827975,1.1419677115760516,0.988905698436712
"frozenset({'browInnerUp', 'browOuterUpLeft', 'browOuterUpRight'})",frozenset({'Surprise'}),0.10453920220082531,0.11829436038514443,0.02521779000458505,0.24122807017543857,2.0392186862505097,0.012851391945065137,1.1620166811109078,0.5691104594330401
"frozenset({'browInnerUp', 'browOuterUpLeft'})","frozenset({'Surprise', 'browOuterUpRight'})",0.18890417239798257,0.03759743237047226,0.02521779000458505,0.13349514563106796,3.5506452758702345,0.01811547815835187,1.1106718707657295,0.885667300477928
"frozenset({'browInnerUp', 'mouthPucker', 'browOuterUpLeft'})",frozenset({'Surprise'}),0.05639614855570839,0.11829436038514443,0.02063273727647868,0.36585365853658536,3.0927396483267158,0.013961390954895568,1.3903819701618876,0.7171039844509233
"frozenset({'browInnerUp', 'mouthPucker', 'browOuterUpRight'})",frozenset({'Surprise'}),0.05364511691884457,0.11829436038514443,0.01925722145804677,0.358974358974359,3.0345855694692903,0.01291130666434576,1.3754607977991749,0.7084717607973421
"frozenset({'browInnerUp', 'mouthPucker'})","frozenset({'Surprise', 'browOuterUpRight'})",0.07565337001375516,0.03759743237047226,0.01925722145804677,0.2545454545454546,6.77028824833703,0.016412848995356295,1.2910278346249764,0.9220521541950114
"frozenset({'mouthPucker', 'browOuterUpLeft', 'browOuterUpRight'})",frozenset({'Surprise'}),0.05318661164603393,0.11829436038514443,0.019715726730857405,0.3706896551724138,3.1336206896551726,0.013424050525136746,1.401066495826346,0.7191283292978207
"frozenset({'mouthPucker', 'browOuterUpLeft'})","frozenset({'Surprise', 'browOuterUpRight'})",0.08528198074277854,0.03759743237047226,0.019715726730857405,0.23118279569892475,6.148898505114085,0.016509343227460872,1.2517963467069382,0.9154397621961882
"frozenset({'eyeLookOutLeft', 'browOuterUpLeft', 'eyeLookInRight'})",frozenset({'Surprise'}),0.0614397065566254,0.11829436038514443,0.010087116001834021,0.16417910447761194,1.387886150642138,0.0028191452124670547,1.0548978188249165,0.2977750144335391
"frozenset({'eyeSquintLeft', 'eyeLookUpLeft', 'eyeLookUpRight'})",frozenset({'Surprise'}),0.07106831728564879,0.11829436038514443,0.010087116001834021,0.14193548387096774,1.1998499624906227,0.0016801348648796937,1.0275516852654332,0.17930539352059582
"frozenset({'eyeSquintLeft', 'eyeLookUpLeft'})","frozenset({'Surprise', 'eyeLookUpRight'})",0.09032553874369555,0.022925263640531865,0.010087116001834021,0.1116751269035533,4.871269035532995,0.008016379212661726,1.0999069889303728,0.873625366568915
"frozenset({'eyeLookOutLeft', 'eyeSquintRight', 'eyeLookInRight', 'eyeSquintLeft'})",frozenset({'Angry'}),0.05456212746446584,0.1829436038514443,0.01192113709307657,0.2184873949579832,1.1942882416124345,0.0019393448609253232,1.045480764964281,0.1720696858912184
"frozenset({'eyeSquintLeft', 'eyeSquintRight', 'eyeLookUpLeft', 'eyeLookUpRight'})",frozenset({'Angry'}),0.04309949564419991,0.1829436038514443,0.011004126547455296,0.2553191489361702,1.3956167013277876,0.003119349490125739,1.0971900176852034,0.2962386200287494
"frozenset({'eyeSquintLeft', 'eyeSquintRight', 'eyeLookUpLeft'})","frozenset({'Angry', 'eyeLookUpRight'})",0.04585052728106373,0.03255387436955525,0.011004126547455296,0.24000000000000002,7.372394366197184,0.009511514242569682,1.2729554284611115,0.9058946019541888
"frozenset({'mouthSmileRight', 'eyeSquintRight', 'eyeSquintLeft', 'mouthSmileLeft'})",frozenset({'Happy'}),0.06923429619440624,0.23613021549747823,0.05318661164603393,0.7682119205298013,3.2533401916029057,0.03683830236583255,3.2955524988537355,0.7441438763376933
"frozenset({'mouthSmileRight', 'eyeSquintRight', 'eyeSquintLeft'})","frozenset({'Happy', 'mouthSmileLeft'})",0.07106831728564879,0.10224667583677212,0.05318661164603393,0.7483870967741935,7.319427166208592,0.04592011244626333,3.567993980648725,0.9294303366579297
"frozenset({'mouthSmileRight', 'eyeSquintLeft', 'mouthSmileLeft'})","frozenset({'Happy', 'eyeSquintRight'})",0.08528198074277854,0.11141678129298486,0.05318661164603393,0.6236559139784946,5.597504314350193,0.04368476784938323,2.3610925525643545,0.8979258491055224
"frozenset({'mouthSmileRight', 'eyeSquintLeft'})","frozenset({'Happy', 'eyeSquintRight', 'mouthSmileLeft'})",0.0907840440165062,0.0577716643741403,0.05318661164603393,0.5858585858585859,10.140933140933141,0.04794186632458515,2.2751367128526856,0.9913923522353799
"frozenset({'eyeSquintLeft', 'browDownLeft', 'eyeSquintRight', 'browDownRight'})",frozenset({'Neutral'}),0.027968821641448878,0.23016964695093994,0.010087116001834021,0.360655737704918,1.5669126771602113,0.0036495421989879238,1.2040936291280169,0.37221269296740983
"frozenset({'eyeSquintLeft', 'browDownLeft', 'eyeSquintRight'})","frozenset({'Neutral', 'browDownRight'})",0.03255387436955525,0.016047684548372305,0.010087116001834021,0.30985915492957744,19.30865191146881,0.009564701695124056,1.4257268244299095,0.9801163291684619
"frozenset({'browInnerUp', 'mouthPucker', 'browOuterUpLeft'})","frozenset({'Neutral', 'browOuterUpRight'})",0.05639614855570839,0.048143053645116916,0.011004126547455296,0.1951219512195122,4.0529616724738675,0.008289043742159843,1.1826101454712183,0.7982871720116618
"frozenset({'eyeLookOutRight', 'eyeSquintLeft', 'eyeSquintRight', 'eyeLookInLeft'})",frozenset({'Neutral'}),0.033470884915176524,0.23016964695093994,0.015589179275561669,0.4657534246575342,2.023522348960323,0.007885197511499947,1.440964506989266,0.5233284964839826
"frozenset({'eyeLookOutLeft', 'eyeSquintRight', 'eyeLookInRight', 'eyeSquintLeft'})",frozenset({'Neutral'}),0.05456212746446584,0.23016964695093994,0.020174232003668042,0.36974789915966383,1.6064146774247545,0.0076156863882797556,1.2214641601711753,0.3992813684860242
"frozenset({'eyeSquintLeft', 'eyeSquintRight', 'eyeLookUpLeft', 'eyeLookUpRight'})",frozenset({'Neutral'}),0.04309949564419991,0.23016964695093994,0.013755158184319119,0.3191489361702127,1.3865813342375177,0.003834962488130051,1.1306883310408067,0.2913592077942819
"frozenset({'eyeSquintLeft', 'eyeSquintRight', 'eyeLookUpLeft'})","frozenset({'Neutral', 'eyeLookUpRight'})",0.04585052728106373,0.03759743237047226,0.013755158184319119,0.3,7.979268292682927,0.012031296085718832,1.3748608108993254,0.9167067115168989
"frozenset({'browInnerUp', 'mouthPucker', 'browOuterUpLeft', 'browOuterUpRight'})",frozenset({'Surprise'}),0.04997707473635947,0.11829436038514443,0.018340210912425492,0.36697247706422015,3.1021975677405584,0.012428204822567287,1.3928393437394095,0.7132963320463319
"frozenset({'browInnerUp', 'mouthPucker', 'browOuterUpLeft'})","frozenset({'Surprise', 'browOuterUpRight'})",0.05639614855570839,0.03759743237047226,0.018340210912425492,0.3252032520325203,8.649613325401548,0.01621986053114714,1.4262110339570109,0.9372448979591838
